Jabatan,Kode Unit,Judul Unit,Elemen Kompetensi,Kriteria Unjuk Kerja (KUK),,,,,
Manager,C.29TDI01.001.1,Merumuskan Aspirasi Transformasi Industri 4.0,Mengenali industri 4.0,"1.1 Latar belakang, keuntungan dan tantangan industri 4.0 diidentifikasi; 1.2 Teknologi informasi yang mendukung kinerja industri 4.0 diidentifikasi; 1.3 Karakteristik industri diidentifikasi secara holistik; 1.4 Kualifikasi SDM diformulasikan sesuai dengan karakteristik industri 4.0. ",,,,,
Manager,C.29TDI01.001.1,Merumuskan Aspirasi Transformasi Industri 4.0,Mengidentifikasi core element industri 4.0,2.1 Core technology untuk industri 4.0 diidentifikasi; 2.2 Core process yang relevan untuk industri dikategorikan berdasarkan kasus bisnis; 2.3 Persyaratan kualifikasi personil dan proses kerja untuk industri 4.0 diidentifikasi. ,,,,,
Manager,C.29TDI01.001.1,Merumuskan Aspirasi Transformasi Industri 4.0,Membuat peta pemangku kepentingan,3.1 Pemangku kepentingan terkait transformasi industri 4.0 diidentifikasi; 3.2 Current condition pemangku kepentingan dipetakan berdasarkan fungsi organisasi. ,,,,,
Manager,C.29TDI01.002.1,Merumuskan Peluang Penerapan Transformasi Industri 4.0,Melakukan business model analysis dan business process,1.1 Business model yang sedang berjalan diidentifikasi; 1.2 Peluang business model baru diidentifikasi berdasarkan transformasi industri 4.0; 1.3 Business process dipetakan sesuai dengan peluang penerapan transformasi; 1.4 Peningkatan pencapaian target kinerja dikaji sesuai peluang transformasi. ,,,,,
Manager,C.29TDI01.002.1,Merumuskan Peluang Penerapan Transformasi Industri 4.0,Melakukan gap analysis,2.1 Hasil analisis kebutuhan dibandingkan dengan kondisi saat ini; 2.2 Penerapan transformasi dianalisis berdasarkan peluang peningkatan capaian kinerja. ,,,,,
Manager,C.29TDI01.002.1,Merumuskan Peluang Penerapan Transformasi Industri 4.0,Menentukan peluang peningkatan capaian kinerja,3.1 Ruang lingkup ditentukan berdasarkan strategi perusahaan; 3.2 Capaian kinerja ditetapkan sesuai ruang lingkup transformasi. ,,,,,
Manager,C.29TDI01.003.1,Merencanakan Transformasi Industri 4.0,Menentukan target transformasi industri 4.0,1.1 Parameter KPI transformasi ditentukan sesuai ruang lingkup; 1.2 Tahapan capaian target ditentukan untuk memastikan penerapan sesuai rencana; 1.3 Business model ditentukan dengan memperhatikan peluang bisnis baru. ,,,,,
Manager,C.29TDI01.003.1,Merencanakan Transformasi Industri 4.0, Membuat business process dan roadmap,2.1 Proyek transformasi yang akan diimplementasikan diidentifikasi; 2.2 Target transformasi business process dirumuskan sesuai KPI; 2.3 Roadmap transformasi dirumuskan sesuai target. ,,,,,
Manager,C.29TDI01.003.1,Merencanakan Transformasi Industri 4.0,Membuat strategi penerapan roadmap,3.1 Penerapan dikaji untuk mengantisipasi kondisi VUCA; 3.2 Strategi transformasi dirumuskan. ,,,,,
Manager,C.29TDI01.004.1,Melakukan Pilot Project Industri 4.0,Menyiapkan proyek,1.1 Tim dibentuk; 1.2 Sumber daya disiapkan; 1.3 Jadwal disusun.,,,,,
Manager,C.29TDI01.004.1,Melakukan Pilot Project Industri 4.0,Mengimplementasikan solusi,2.1 Solusi diuji pada skala terbatas; 2.2 Data performa dikumpulkan.,,,,,
Manager,C.29TDI01.005.1,Mengevaluasi Implementasi Solusi Transformasi,Memantau progres,1.1 Monitoring berkala dilakukan; 1.2 Hambatan diidentifikasi dan diatasi.,,,,,
Manager,C.29TDI01.005.1,Mengevaluasi Implementasi Solusi Transformasi,Menganalisis hasil,2.1 Perbandingan hasil vs target dilakukan; 2.2 Rekomendasi perbaikan disusun.,,,,,
Manager,C.29TDI01.006.1,Mengevaluasi Dampak Penerapan Transformasi, Mengukur dampak bisnis,1.1 Dampak terhadap ROI dihitung; 1.2 Dampak efisiensi operasional dianalisis.,,,,,
Manager,C.29TDI01.006.1,Mengevaluasi Dampak Penerapan Transformasi,Menyusun laporan akhir,2.1 Laporan evaluasi komprehensif disusun; 2.2 Strategi keberlanjutan direkomendasikan.,,,,,
Engineer,C.29TDI02.001.1,Merencanakan Rekayasa Kasus Bisnis Industri 4.0,dentifikasi kebutuhan teknis,1.1 Kebutuhan perangkat keras/lunak dipetakan; 1.2 Arsitektur solusi dirancang.,,,,,
Engineer,C.29TDI02.002.1,Mengimplementasikan Kasus Bisnis,Eksekusi teknis,1.1 Integrasi sistem dilakukan; 1.2 Konfigurasi teknologi 4.0 dilaksanakan.,,,,,
Engineer,C.29TDI02.003.1,Melakukan Internalisasi Solusi Kasus Bisnis,Edukasi pengguna,1.1 Pelatihan operasional diberikan; 1.2 Dokumentasi teknis diserahkan.,,,,,
Maintainer,C.29TDI03.001.1,Mengelola Smart Maintenance,Pengaturan sistem perawatan,1.1 Jadwal perawatan digital disusun; 1.2 Sensor pemantauan dikelola.,,,,,
Maintainer,C.29TDI03.002.1,Menggunakan Digital Assistance,Operasional bantuan digital,1.1 Perangkat AR/VR digunakan; 1.2 Instruksi kerja digital diikuti.,,,,,
Maintainer,C.29TDI03.003.1,Melakukan Predictive Maintenance,Analisis data kondisi mesin,1.1 Data sensor dipantau; 1.2 Prediksi kerusakan dianalisis untuk tindakan pencegahan.,,,,,
Cyber security,J.62KAM00.001.2,Mengklasifikasikan Informasi yang Bersifat Rahasia,Membuat kategori klasifikasi informasi,1.1 Kategori klasifikasi informasi diidentifikasi berdasarkan Kebutuhan Keamanan Informasi; 1.2 Hasil identifikasi kategori klasifikasi informasi dianalisis sesuai Kebutuhan Keamanan Informasi; 1.3 Kategori klasifikasi informasi disusun berdasarkan hasil analisis.,,,,,
Cyber security,J.62KAM00.001.2,Mengklasifikasikan Informasi yang Bersifat Rahasia,Mendata informasi yang bersifat rahasia,2.1 Daftar informasi diinventarisasi sesuai kategori klasifikasi informasi; 2.2 Daftar informasi yang bersifat rahasia disusun sesuai format yang berlaku di organisasi.,,,,,
Cyber security,J.62KAM00.002.1,Melaksanakan Pengamanan Informasi yang Bersifat Rahasia,Menentukan kebijakan kriptografi,1.1 Kebijakan kriptografi diidentifikasi sesuai Kebutuhan Keamanan Informasi; 1.2 Kebijakan kriptografi dipilih sesuai kategori klasifikasi informasi.,,,,,
Cyber security,J.62KAM00.002.1,Melaksanakan Pengamanan Informasi yang Bersifat Rahasia,Menentukan metode enkripsi data,2.1 Metode enkripsi diidentifikasi berdasarkan kebijakan kriptografi; 2.2 Metode enkripsi dipilih berdasarkan kebijakan kriptografi.,,,,,
Cyber security,J.62KAM00.009.1,Melaksanakan Autentikasi dalam Upaya Mencegah Pemalsuan Informasi,Melakukan validasi dalam upaya mencegah pemalsuan informasi,1.1 Kriteria Autentikasi ditentukan berdasarkan kategori klasifikasi informasi; 1.2 Setiap pemalsuan informasi divalidasi sesuai dengan kriteria Autentikasi.,,,,,
Cyber security,J.62KAM00.009.1,Melaksanakan Autentikasi dalam Upaya Mencegah Pemalsuan Informasi,Mendokumentasikan hasil Autentikasi untuk validasi informasi,2.1 Informasi divalidasi berdasarkan metode Autentikasi informasi; 2.2 Hasil validasi dicatat berdasarkan Kebutuhan Keamanan Informasi.,,,,,
Cyber security,J.62KAM00.013.2,Menyusun Rencana Pelaksanaan Pelindungan Fisik Keamanan Informasi,Mengidentifikasi keberadaan entitas pada area pengamanan fisik,1.1 Daftar aktivitas entitas pada lingkungan organisasi diinventarisasi berdasarkan daftar ancaman fisik; 1.2 Daftar aktivitas entitas dianalisis sesuai kebutuhan keamanan fisik; 1.3 Daftar aktivitas entitas dibuat berdasarkan format yang berlaku.,,,,,
Cyber security,J.62KAM00.013.2,Menyusun Rencana Pelaksanaan Pelindungan Fisik Keamanan Informasi,Menentukan rencana pelaksanaan pelindungan fisik Keamanan Informasi,2.1 Rencana pelaksanaan pelindungan fisik disusun berdasarkan kebutuhan keamanan fisik; 2.2 Rencana pelaksanaan pelindungan fisik Keamanan Informasi didokumentasikan sesuai format yang berlaku.,,,,,
Cyber security,J.62KAM00.014.2,Memetakan Profil Sumber Daya Manusia Keamanan Informasi,Menentukan profil SDM sesuai dengan profil risiko Keamanan Informasi organisasi,1.1 Profil SDM diobservasi berdasarkan profil risiko organisasi; 1.2 Profil SDM dipetakan dengan profil risiko organisasi; 1.3 Pemetaan profil SDM didokumentasikan berdasarkan Kebutuhan Keamanan Informasi.,,,,,
Cyber security,J.62KAM00.014.2,Memetakan Profil Sumber Daya Manusia Keamanan Informasi,Menyusun pembagian peran sesuai profil SDM,2.1 Peran jabatan Keamanan Informasi organisasi diidentifikasi sesuai pemetaan profil SDM; 2.2 Dokumen peran jabatan Keamanan Informasi organisasi dibuat berdasarkan pemetaan profil SDM.,,,,,
Cyber security,J.62KAM00.015.1,Menyusun Dokumen Skrining Personel Keamanan Informasi,Menentukan kriteria skrining personel Keamanan Informasi,1.1 Kriteria skrining personel Keamanan Informasi diidentifikasi sesuai dengan dokumen peran jabatan; 1.2 Kriteria skrining personel Keamanan Informasi dipilih sesuai Kebutuhan Keamanan Informasi.,,,,,
Cyber security,J.62KAM00.015.1,Menyusun Dokumen Skrining Personel Keamanan Informasi,Merancang instrumen skrining personel Keamanan Informasi,2.1 Daftar pertanyaan instrumen skrining dibuat sesuai parameter kriteria skrining personel Keamanan Informasi; 2.2 Mekanisme pengukuran instrumen skrining dibuat sesuai dengan daftar pertanyaan instrumen skrining; 2.3 Instrumen skrining personel Keamanan Informasi didokumentasikan sesuai dengan format yang berlaku.,,,,,
Cyber security,J.62KAM00.003.2,Melaksanakan Pengamanan Integritas Informasi,Menentukan tingkat kepentingan informasi,1.1 Tingkat kepentingan informasi diidentifikasi berdasarkan kategori klasifikasi informasi; 1.2 Tingkat kepentingan informasi ditentukan berdasarkan hasil identifikasi. ,,,,,
Cyber security,J.62KAM00.003.2,Melaksanakan Pengamanan Integritas Informasi,Melaksanakan pengamanan Integritas informasi,2.1 Metode pengamanan Integritas informasi diidentifikasi berdasarkan tingkat kepentingan informasi; 2.2 Pengamanan Integritas informasi dilaksanakan sesuai dengan metode pengamanan Integritas informasi. ,,,,,
Cyber security,J.62KAM00.004.2,Melaksanakan Validasi Integritas Informasi,Mengidentifikasi ancaman terhadap Integritas informasi,1.1 Informasi terkait ancaman Integritas informasi diinventarisasi berdasarkan Kebutuhan Keamanan Informasi; 1.2 Hasil inventarisasi ancaman Integritas informasi dipilih berdasarkan Kebutuhan Keamanan Informasi. ,,,,,
Cyber security,J.62KAM00.004.2,Melaksanakan Validasi Integritas Informasi,Mengidentifikasi metode validasi Integritas informasi,2.1 Metode validasi Integritas informasi diinventarisasi berdasarkan ancaman; 2.2 Metode validasi Integritas informasi ditentukan berdasarkan praktik terbaik Keamanan Informasi. ,,,,,
Cyber security,J.62KAM00.004.2,Melaksanakan Validasi Integritas Informasi,Mendokumentasikan hasil validasi Integritas informasi,3.1 Integritas informasi divalidasi berdasarkan metode validasi; 3.2 Hasil validasi Integritas informasi dicatat berdasarkan Kebutuhan Keamanan Informasi. ,,,,,
Cyber security,J.62KAM00.005.1,Melaksanakan Keberlangsungan Keamanan Informasi,Menentukan kebutuhan keberlangsungan Keamanan Informasi,1.1 Aset penting diidentifikasi berdasarkan Kebutuhan Keamanan Informasi; 1.2 Kebutuhan keberlangsungan Keamanan Informasi ditentukan berdasarkan hasil identifikasi aset penting.,,,,,
Cyber security,J.62KAM00.005.1,Melaksanakan Keberlangsungan Keamanan Informasi,Melaksanakan uji coba keberlangsungan Keamanan Informasi,2.1 Skenario uji coba disusun berdasarkan kebutuhan keberlangsungan Keamanan Informasi; 2.2 Uji coba dilaksanakan sesuai dengan skenario uji coba.,,,,,
Cyber security,J.62KAM00.007.1,Menetapkan Metode Autentikasi,Mengidentifikasi kebutuhan metode Autentikasi,1.1 Ruang lingkup metode Autentikasi diidentifikasi berdasarkan Kebutuhan Keamanan Informasi; 1.2 Daftar metode Autentikasi diinventarisasi berdasarkan praktik terbaik Keamanan Informasi.,,,,,
Cyber security,J.62KAM00.007.1,Menetapkan Metode Autentikasi, Menentukan metode Autentikasi,2.1 Metode Autentikasi dipilih sesuai dengan ruang lingkup; 2.2 Metode Autentikasi didokumentasikan sesuai format yang berlaku.,,,,,
Cyber security,J.62KAM00.010.1,Menentukan Aset Teknologi Informasi yang Dikontrol,Melakukan pencatatan Aset Teknologi Informasi,1.1 Aset Teknologi Informasi diinventarisasi berdasarkan proses bisnis organisasi; 1.2 Daftar Aset Teknologi Informasi dibuat berdasarkan hasil inventarisasi. ,,,,,
Cyber security,J.62KAM00.010.1,Menentukan Aset Teknologi Informasi yang Dikontrol,Menerapkan kategori di setiap aset penting,2.1 Aset penting ditentukan berdasarkan Kebutuhan Keamanan Informasi; 2.2 Kategori akses ditentukan untuk setiap aset penting sesuai dengan klasifikasi informasi; 2.3 Daftar aset penting beserta kategori akses didokumentasikan sesuai format yang berlaku.,,,,,
Cyber security,J.62KAM00.011.2,Melaksanakan Pengontrolan Akses Pengguna yang Berwenang,Mengidentifikasi hak akses pengguna,1.1 Daftar pengguna diinventarisasi berdasarkan peran dan fungsinya; 1.2 Hak akses pengguna ditentukan berdasarkan kategori akses pada aset penting.,,,,,
Cyber security,J.62KAM00.011.2,Melaksanakan Pengontrolan Akses Pengguna yang Berwenang,Melakukan pengontrolan akses pengguna,2.1 Akses pengguna dikonfigurasi sesuai dengan hak akses pengguna; 2.2 Akses pengguna dipantau secara berkala sesuai kebijakan organisasi.,,,,,
Manajemen SDM,M.70SDM01.017.2,Melakukan Proses Rekrutmen ,Menyiapkan program rekrutmen ,1.1 Kebutuhan pelaksanaan rekrutmen disiapkan sesuai SOP. 1.2 Program ditawarkan ke sumber pemenuhan SDM sesuai SOP. ,,,,,
Manajemen SDM,M.70SDM01.017.2,Melakukan Proses Rekrutmen ,Melaksanakan program rekrutmen ,2.1 Data aplikasi dikompilasi untuk dikaji sesuai SOP. 2.2 Hasil kajian digunakan untuk proses seleksi sesuai SOP. ,,,,,
Manajemen SDM,M.70SDM01.023.2,Menyusun Sistem Remunerasi ,Menentukan komponen upah dan non upah ,1.1 Komponen upah dan non upah diidentifikasi sesuai kebutuhan organisasi. 1.2 Hasil identifikasi ditetapkan dengan mempertimbangkan strategi dan perundangan. ,,,,,
Manajemen SDM,M.70SDM01.023.2,Menyusun Sistem Remunerasi ,Menyusun struktur dan skala upah ,2.1 Informasi internal/eksternal dianalisis sesuai sistem remunerasi. 2.2 Struktur dan skala upah disusun berdasarkan grading. ,,,,,
Manajemen SDM,M.70SDM01.029.2,Mengelola Proses Penilaian Kinerja Individu ,Menyiapkan pelaksanaan penilaian kinerja individu ,1.1 Panduan dan perangkat penilaian disampaikan ke penilai. 1.2 Pelaksanaan dipantau sesuai panduan. ,,,,,
Manajemen SDM,M.70SDM01.029.2,Mengelola Proses Penilaian Kinerja Individu ,Melakukan kompilasi hasil penilaian kinerja individu ,2.1 Hasil penilaian dikumpulkan dan dikompilasi sesuai prosedur. 2.2 Hasil kompilasi dianalisis sesuai kebutuhan organisasi. ,,,,,
Manajemen SDM,M.70SDM01.035.2,Merancang Model dan Kamus Kompetensi ,Menetapkan model kompetensi organisasi ,"1.1 Data visi, misi, dan strategi dianalisis untuk penyusunan model. 1.2 Model kompetensi disusun sesuai kebutuhan organisasi. ",,,,,
Manajemen SDM,M.70SDM01.037.2,Menyusun Kelompok Pekerja Bertalenta (Talent Pool) ,Menetapkan profil posisi jabatan kunci ,1.1 Posisi jabatan kunci ditetapkan berdasarkan kriteria. 1.2 Standar kompetensi jabatan kunci ditetapkan sesuai kebutuhan. ,,,,,
Manajemen SDM,M.70SDM01.037.2,Menyusun Kelompok Pekerja Bertalenta (Talent Pool) ,Mengusulkan kandidat pekerja bertalenta ,2.1 Data kompetensi dan potensi dikumpulkan. 2.2 Profil kandidat dianalisis kesesuaiannya. 2.3 Daftar nominasi disampaikan kepada pimpinan. ,,,,,
Manajemen SDM,M.70SDM01.059.2,Melakukan Administrasi Penerapan Kebijakan MSDM ,Mengkompilasi ketentuan administrasi penerapan kebijakan MSDM ,1.1 Ketentuan dan prosedur kerja diidentifikasi. 1.2 Prosedur kerja dan bagan alur proses dikompilasi. ,,,,,
Manajemen SDM,M.70SDM01.059.2,Melakukan Administrasi Penerapan Kebijakan MSDM ,Melaksanakan administrasi kebijakan MSDM ,2.1 Administrasi dilaksanakan akurat dan tepat waktu. 2.2 Administrasi didokumentasikan sesuai prosedur. ,,,,,
Manajemen SDM,M.70SDM01.017.2,Melakukan Proses Rekrutmen ,Menyiapkan program rekrutmen ,1.1 Kebutuhan pelaksanaan rekrutmen disiapkan sesuai SOP. 1.2 Program ditawarkan ke sumber pemenuhan SDM sesuai SOP. ,,,,,
Manajemen SDM,M.70SDM01.017.2,Melakukan Proses Rekrutmen ,Melaksanakan program rekrutmen ,2.1 Data aplikasi dikompilasi untuk dikaji sesuai SOP. 2.2 Hasil kajian digunakan untuk proses seleksi sesuai SOP. ,,,,,
Manajemen SDM,M.70SDM01.023.2,Menyusun Sistem Remunerasi ,Menentukan komponen upah dan non upah ,1.1 Komponen upah dan non upah diidentifikasi sesuai kebutuhan organisasi. 1.2 Hasil identifikasi ditetapkan dengan mempertimbangkan strategi dan perundangan. ,,,,,
Manajemen SDM,M.70SDM01.023.2,Menyusun Sistem Remunerasi ,Menyusun struktur dan skala upah ,2.1 Informasi internal/eksternal dianalisis sesuai sistem remunerasi. 2.2 Struktur dan skala upah disusun berdasarkan grading. ,,,,,
Manajemen SDM,M.70SDM01.029.2,Mengelola Proses Penilaian Kinerja Individu ,Menyiapkan pelaksanaan penilaian kinerja individu ,1.1 Panduan dan perangkat penilaian disampaikan ke penilai. 1.2 Pelaksanaan dipantau sesuai panduan. ,,,,,
Manajemen SDM,M.70SDM01.029.2,Mengelola Proses Penilaian Kinerja Individu ,Melakukan kompilasi hasil penilaian kinerja individu ,2.1 Hasil penilaian dikumpulkan dan dikompilasi sesuai prosedur. 2.2 Hasil kompilasi dianalisis sesuai kebutuhan organisasi. ,,,,,
Manajemen SDM,M.70SDM01.035.2,Merancang Model dan Kamus Kompetensi ,Menetapkan model kompetensi organisasi ,"1.1 Data visi, misi, dan strategi dianalisis untuk penyusunan model. 1.2 Model kompetensi disusun sesuai kebutuhan organisasi. ",,,,,
Manajemen SDM,M.70SDM01.037.2,Menyusun Kelompok Pekerja Bertalenta (Talent Pool) ,Menetapkan profil posisi jabatan kunci ,1.1 Posisi jabatan kunci ditetapkan berdasarkan kriteria. 1.2 Standar kompetensi jabatan kunci ditetapkan sesuai kebutuhan. ,,,,,
Manajemen SDM,M.70SDM01.037.2,Menyusun Kelompok Pekerja Bertalenta (Talent Pool) ,Mengusulkan kandidat pekerja bertalenta ,2.1 Data kompetensi dan potensi dikumpulkan. 2.2 Profil kandidat dianalisis kesesuaiannya. 2.3 Daftar nominasi disampaikan kepada pimpinan. ,,,,,
Manajemen SDM,M.70SDM01.059.2,Melakukan Administrasi Penerapan Kebijakan MSDM ,Mengkompilasi ketentuan administrasi penerapan kebijakan MSDM ,1.1 Ketentuan dan prosedur kerja diidentifikasi. 1.2 Prosedur kerja dan bagan alur proses dikompilasi. ,,,,,
Manajemen SDM,M.70SDM01.059.2,Melakukan Administrasi Penerapan Kebijakan MSDM ,Melaksanakan administrasi kebijakan MSDM ,2.1 Administrasi dilaksanakan akurat dan tepat waktu. 2.2 Administrasi didokumentasikan sesuai prosedur. ,,,,,
Mekanik,M.74MAB02.003.1,Melakukan Warming Up atas Unit Alat Berat,Menyiapkan pelaksanaan warming up,"1.1 Model dan spesifikasi diidentifikasi. 1.2 Parts dan komponen diidentifikasi. 1.3 Lever, pedal, dan panel kontrol diidentifikasi. 1.4 Istilah teknik diidentifikasi. 1.5 Prosedur warming up diidentifikasi. 1.6 OMM (Operation and Maintenance Manual) diidentifikasi. ",,,,,
Mekanik,M.74MAB02.008.1,Melakukan Periodic Maintenance Clinic (PMC) Dump Truck,Menyiapkan pelaksanaan PMC Dump Truck,"1.1 Model dan spesifikasi unit diidentifikasi. 1.2 Parts dan komponen utama diidentifikasi. 1.3 Prosedur pemeriksaan sensor, LAN, dan actuator pada sistem elektronik diidentifikasi. 1.4 Prosedur pemeriksaan fungsi panel monitor dan switch diidentifikasi. ",,,,,
Mekanik,M.74MAB02.009.1,Melakukan PMC pada Wheel Loader,Mengukur performance Hydraulic System,12.1 Pengukuran work equipment speed dilakukan sesuai manual. 12.2 Pengukuran Hydraulic oil pressure dilakukan sesuai manual. 12.3 Pengukuran Hydraulic drift dilakukan sesuai prosedur. 12.4 Hasil pengukuran dibuat kesimpulan. ,,,,,
Mekanik,M.74MAB02.022.1,Melakukan Penggantian Unit Axle,Menyiapkan penggantian Axle,1.1 Model dan spesifikasi alat berat diidentifikasi. 1.2 Model dan spesifikasi Axle diidentifikasi. 1.3 Peralatan angkat dan bantu dipastikan ketersediaannya. ,,,,,
Mekanik,M.74MAB02.036.1,Melakukan Overhaul Suspension Dump Truck,Mengembalikan kondisi performance Suspension,4.1 Kelengkapan tools dan spare parts dipastikan. 4.2 Suspension Assembly dilakukan berdasarkan Service Manual. 4.3 Pengujian performance dilakukan. 4.4 Rekomendasi tindak lanjut disusun. 4.5 Coating dan wrapping dilakukan. ,,,,,
Mekanik,M.74MAB02.011.1,Melakukan PMC pada Soil Stabilizer,Menyiapkan pelaksanaan PMC Soil Stabilizer,1.40 Prosedur penggunaan refractometer (liquid checker) diidentifikasi. 1.41 Prosedur pemeriksaan baterai dan level electrolyte diidentifikasi. 1.42 Diagnostic Tools Soil Stabilizer diidentifikasi. 1.44 Prosedur pengukuran tekanan oli Hydraulic drive system diidentifikasi .,,,,,
Mekanik,M.74MAB02.011.1,Melakukan PMC pada Soil Stabilizer,Memastikan performance Engine,8.1 Pengukuran Engine speed dilakukan sesuai Service Manual. 8.2 Pengukuran Engine oil pressure dilakukan sesuai prosedur. 8.3 Pengukuran Engine blow by pressure dilakukan sesuai manual. 8.4 Hasil pengukuran dibuat kesimpulan .,,,,,
Mekanik,M.74MAB02.012.1,Melakukan PMC pada Mobile Crane,Memastikan kondisi Tyre dan Rim,7.3 Pemeriksaan keausan tyre dilakukan sesuai prosedur. 7.4 Pemeriksaan rim dan tyre secara visual dilakukan. 7.5 Pemeriksaan wheel alignment dilakukan. 7.6 Hasil pemeriksaan dicatat pada maintenance historical record .,,,,,
Mekanik,M.74MAB02.013.1,Melakukan PMC pada Forklift,Memastikan level dan spesifikasi oli,2.1 Komponen Forklift yang memerlukan pelumasan diidentifikasi berdasarkan Operation and Maintenance Manual (OMM) sesuai prosedur.,,,,,
Mekanik,M.74MAB02.015.1,Melakukan PMC pada Traktor Pertanian,Menyiapkan pelaksanaan PMC Traktor,1.55 Kondisi normal fisik Hose diidentifikasi. 1.56 Prosedur pemeriksaan abnormality Hose diidentifikasi. 1.57 Kondisi greasing points diidentifikasi. 1.59 Prosedur pemeriksaan tekanan udara tyre diidentifikasi .,,,,,
Mekanik,M.74MAB02.018.1,Melakukan Overhaul Engine,Melakukan bongkar pasang (dis-assy/assy) Engine,2.13 Pemeriksaan komponen electric Engine dilakukan. 2.14 Pemeriksaan sensor pressure oli Engine dilakukan. 2.15 Pemeriksaan sensor speed Engine dilakukan. 2.17 Pengukuran pressure oli Engine dilakukan sesuai Service Manual .,,,,,
Teknisi Akuntansi,M.69PTA00.001.3,Memproses Entri Jurnal,Memeriksa dokumen sumber dan pendukung,1.1 Dokumen sumber dan pendukung diidentifikasi. 1.2 Dokumen sumber dan pendukung diperiksa. ,,,,,
Teknisi Akuntansi,M.69PTA00.001.3,Memproses Entri Jurnal,Mencatat dokumen sumber ke dalam jurnal,2.1 Dokumen sumber dicatat ke dalam jurnal secara akurat dan sesuai standar yang berlaku. 2.2 Transaksi secara tepat dialokasikan ke dalam akun. 2.3 Pencatatan jurnal diverifikasi dan diotorisasi sesuai dengan kebijakan dan prosedur perusahaan. ,,,,,
Teknisi Akuntansi,M.69PTA00.001.3,Memproses Entri Jurnal,Mengarsipkan dokumen sumber dan pendukung,3.1 Dokumen sumber dan pendukung disimpan sesuai dengan kebijakan dan prosedur perusahaan. 3.2 Arsip dokumen diakses dan ditelusuri sesuai kebijakan dan prosedur perusahaan. ,,,,,
Teknisi Akuntansi,M.69PTA00.002.1,Mengelola Akun Dalam Laporan Keuangan,Mempersiapkan verifikasi atau rekonsiliasi atas pengelolaan akun,"1.1 Peralatan, perlengkapan dan format kertas kerja disediakan sesuai dengan karakteristik dan kebutuhan perusahaan. 1.2 Pengelolaan akun dalam laporan keuangan diidentifikasi. 1.3 Data transaksi penggunaan terhadap akun terpilih disediakan. ",,,,,
Teknisi Akuntansi,M.69PTA00.002.1,Mengelola Akun Dalam Laporan Keuangan,Melakukan pembukuan mutasi akun,"2.1 Saldo awal akun, data mutasi akun dan saldo akhir akun diidentifikasi. 2.2 Data mutasi akun diverifikasi sesuai ketentuan. 2.3 Data mutasi akun dibukukan sesuai ketentuan. 2.4 Saldo akhir akun diverifikasi sesuai ketentuan. ",,,,,
Teknisi Akuntansi,M.69PTA00.002.1,Mengelola Akun Dalam Laporan Keuangan,Melakukan verifikasi atau rekonsiliasi data akun,3.1 Kegiatan verifikasi atau rekonsiliasi data akun dilaksanakan. 3.2 Selisih antara data buku dan data hasil verifikasi atau rekonsiliasi diidentifikasi. 3.3 Laporan/berita acara verifikasi atau rekonsiliasi data akun dibuat sesuai dengan kebijakan dan prosedur perusahaan. 3.4 Laporan/berita acara verifikasi atau rekonsiliasi data akun dianalisis sesuai ketentuan. ,,,,,
Teknisi Akuntansi,M.69PTA00.003.3,Memproses Buku Besar,Mempersiapkan pengelolaan buku besar,"1.1 Peralatan, perlengkapan dan format kertas kerja yang dibutuhkan untuk pengelolaan buku besar disediakan. 1.2 Dokumen sumber dan rekapitulasi jurnal diidentifikasi. ",,,,,
Teknisi Akuntansi,M.69PTA00.003.3,Memproses Buku Besar,Membukukan jumlah angka dari jurnal ke buku besar,2.1 Akun-akun dalam buku besar diidentifikasi. 2.2 Jumlah yang ada dalam rekapitulasi jurnal dibukukan sesuai ketentuan. ,,,,,
Teknisi Akuntansi,M.69PTA00.003.3,Memproses Buku Besar,Menyusun daftar saldo akun dalam buku besar,3.1 Daftar saldo akun dalam buku besar disajikan sesuai ketentuan. 3.2 Saldo akun dalam buku besar dipastikan kebenarannya. ,,,,,
Teknisi Akuntansi,M.69PTA00.004.3,Menyusun Laporan Keuangan Entitas Tunggal untuk Skala UMKM,Mencatat jurnal penyesuaian,1.1 Dokumen sumber penyesuaian diidentifikasi. 1.2 Akun-akun yang memerlukan penyesuaian diidentifikasi. 1.3 Jurnal penyesuaian dicatat sesuai ketentuan. ,,,,,
Teknisi Akuntansi,M.69PTA00.004.3,Menyusun Laporan Keuangan Entitas Tunggal untuk Skala UMKM,Menyajikan laporan keuangan,5.1 Laporan posisi keuangan pada akhir periode disajikan sesuai standar yang berlaku. 5.2 Laporan laba rugi selama periode disajikan sesuai standar yang berlaku. 5.3 Catatan atas laporan keuangan disajikan sesuai standar yang berlaku. ,,,,,
Teknisi Akuntansi,M.69PTA00.005.3,Menyusun Laporan Keuangan UMKM dengan Aplikasi Komputer,Menyusun data setup awal dan saldo awal,2.1 Daftar akun disusun dan saldo awal akun dientri. 2.2 Kode pajak disiapkan sesuai ketentuan. 2.3 Data-data pengelolaan akun dalam laporan keuangan dientri. ,,,,,
Teknisi Akuntansi,M.69PTA00.005.3,Menyusun Laporan Keuangan UMKM dengan Aplikasi Komputer,Melakukan entri transaksi,3.1 Transaksi yang akan dientri diidentifikasi. 3.2 Transaksi dientri dengan menggunakan menu yang tepat. 3.3 Penyesuaian data dientri. ,,,,,
Teknisi Akuntansi,M.69PTA00.006.1,Menyusun Laporan Keuangan Entitas Tunggal Keseluruhan Skala Usaha,Menyajikan laporan keuangan,5.1 Laporan posisi keuangan per tanggal pelaporan disajikan. 5.2 Laporan penghasilan komprehensif disajikan. 5.3 Laporan perubahan ekuitas disajikan. 5.4 Laporan arus kas disajikan. 5.5 Catatan atas laporan keuangan disajikan. ,,,,,
Teknisi Akuntansi,M.69PTA00.016.1,Memberikan Dukungan Penilaian Risiko,Memberikan dukungan teknis administrasi dokumen pra-perikatan,1.1 Surat perikatan disiapkan sesuai ketentuan. 1.2 Surat tugas disiapkan sesuai ketentuan. 1.3 Pernyataan independensi disiapkan sesuai ketentuan. ,,,,,
Teknisi Akuntansi,M.69PTA00.016.1,Memberikan Dukungan Penilaian Risiko,Melakukan prosedur analitis awal,2.1 Pemahaman entitas dan lingkungan termasuk pengendalian internal didokumentasikan. 2.2 Prosedur analitis awal disajikan sesuai standar yang berlaku. 2.3 Pekerjaan sendiri dan pekerjaan orang lain ditelaah sesuai ketentuan. ,,,,,
Teknisi Akuntansi,M.69PTA00.013.1,Melakukan Pemenuhan Pajak Orang Pribadi,Menyiapkan data perpajakan,1.1 Dokumen pendukung pajak diidentifikasi. 1.2 Perhitungan pajak terutang dilakukan sesuai regulasi. 1.3 Draft SPT disiapkan sesuai ketentuan. ,,,,,
Teknisi Akuntansi,M.69PTA00.018.1,Dukungan Penyusunan Laporan Auditor Independen,Menyiapkan administrasi laporan,1.1 Draft laporan auditor disiapkan. 1.2 Dokumen pendukung opini dikompilasi. 1.3 Administrasi finalisasi laporan diselesaikan sesuai prosedur. ,,,,,
Game Designer,J.62GIM00.001.2,Membuat Ide Konsep Game (Game Concept),Menentukan bentuk produk game,1.1 Visi game diidentifikasi. 1.2 Target audiens ditentukan. 1.3 Platform tujuan ditetapkan. 1.4 Genre dan mekanisme inti diidentifikasi.,,,,,
Game Designer,J.62GIM00.011.2,Membuat Desain Teknik Game (Game Technical Design),Menerjemahkan konsep desain teknik game,"1.1 Bentuk game, serta fitur dan mekanika dibuat berdasarkan konsep teknik game. 1.2 Desain teknik game dibuat sesuai tujuan dari konsep teknik game.",,,,,
Game Designer,J.62GIM00.011.2,Membuat Desain Teknik Game (Game Technical Design),Melakukan uji coba dan pengukuran kesuksesan,2.1 Desain teknis diuji coba dalam purwarupa atau produk game sesuai konsep. 2.2 Desain teknik game diukur tingkat kesuksesannya.,,,,,
Game Designer,J.62GIM00.013.2,Membuat Desain Narasi Game (Game Narrative Design),Membuat komponen desain narasi game,"1.1 Tujuan dan pengukuran kesuksesan tema, cerita, dan setting diidentifikasi. 1.2 Tema, cerita, dan setting dibuat sinkron dengan konsep narasi game.",,,,,
Game Artist,J.62GIM00.020.2,Membuat Dokumen Perancangan Artistik (ADD),Menentukan konsep artistik utama,1.1 Referensi visual dikumpulkan. 1.2 Gaya visual ditetapkan (art style). 1.3 Palet warna dan atmosfer lingkungan ditentukan.,,,,,
Game Artist,J.62GIM00.033.2,Melakukan Integrasi Objek Statis ke Game Engine,Mempersiapkan aset statis,1.1 Aset statis diperiksa kelengkapannya. 1.2 Format file dipastikan sesuai dengan kebutuhan engine.,,,,,
Game Programmer,J.62GIM00.041.1,Menerapkan Standar Kualitas Pemrograman Game,Mengimplementasikan standar kualitas,1.1 Standar kualitas pemrograman diidentifikasi berdasarkan pedoman. 1.2 Kode pemrograman dibuat sesuai pedoman implementasi standar.,,,,,
Game Programmer,J.62GIM00.041.1,Menerapkan Standar Kualitas Pemrograman Game,Mendokumentasikan hasil penerapan standar,2.1 Kode pemrograman ditinjau berdasarkan pedoman teknis. 2.2 Hasil tinjauan kode didokumentasikan.,,,,,
Game Programmer,J.62GIM00.044.1,Mengimplementasikan User Interface,Menyiapkan aset UI,1.1 Aset visual UI diidentifikasi sesuai GDD. 1.2 Kebutuhan teknis implementasi UI dipetakan.,,,,,
Game Programmer,J.62GIM00.045.1,Mengintegrasikan Backend Service,Menghubungkan game ke server,1.1 API backend diidentifikasi. 1.2 Autentikasi pengguna diimplementasikan. 1.3 Sinkronisasi data pemain dilakukan.,,,,,
Game Programmer,J.62GIM00.046.2,Melakukan Proses Game Debugging,Mengidentifikasi bug,1.1 Error/crash log dianalisis. 1.2 Langkah-langkah reproduksi bug didokumentasikan. 1.3 Skala prioritas perbaikan bug ditentukan.,,,,,
Game Programmer,J.62GIM00.047.2,Mengimplementasikan Optimasi Kinerja Game,Melakukan profiling kinerja,1.1 Penggunaan memori dan CPU dipantau. 1.2 Titik hambat (bottleneck) kinerja diidentifikasi.,,,,,
Quality Assurance,J.62GIM00.048.1,Menganalisis Kualitas Teknis Game,Melakukan pengujian teknis,1.1 Skenario pengujian disusun. 1.2 Pengujian fungsionalitas fitur dilakukan secara menyeluruh.,,,,,
Technical Lead,J.62GIM00.049.1,Menganalisis Risiko Teknis Game,Mengidentifikasi potensi risiko teknis,1.1 Keterbatasan platform dianalisis. 1.2 Risiko integrasi teknologi pihak ketiga dipetakan.,,,,,
LiveOps/DevOps,J.62GIM00.050.1,Melakukan Pembaharuan Video Game,Menyiapkan konten pembaruan,1.1 Konten baru atau perbaikan bug dikompilasi. 1.2 Versi aplikasi (versioning) dikelola sesuai prosedur.,,,,,
Product Manager,J.62GIM00.051.2,Melakukan Analisis Pasar (Market Research),Mengidentifikasi tren pasar,1.1 Data kompetitor sejenis dianalisis. 1.2 Potensi monetisasi diidentifikasi berdasarkan perilaku pasar.,,,,,
Product Manager,J.62GIM00.052.2,Membuat Perencanaan Bisnis,Menyusun model bisnis,1.1 Proyeksi pendapatan dibuat. 1.2 Strategi pemasaran dan distribusi direncanakan.,,,,,
Product Manager,J.62GIM00.054.2,Menuliskan Spesifikasi atau User Story,Mendetailkan fitur game,1.1 Deskripsi fitur ditulis dalam format user story. 1.2 Kriteria keberimaan (acceptance criteria) ditetapkan untuk setiap fitur.,,,,,
Product Manager,J.62GIM00.059.2,Melakukan Analisis Data Performa Bisnis,Menganalisis data metrik,1.1 Data retensi pemain diolah. 1.2 Hipotesis atau rekomendasi untuk meningkatkan objektif bisnis dibuat secara tepat.,,,,,
Game Director,J.62GIM00.060.2,Mengarahkan Visi dan Identitas Game,Menyusun visi dan identitas,1.1 Visi game dibuat berdasarkan visi perusahaan/peluang pasar. 1.2 Identitas video game (pilar utama) dibuat berdasarkan visi tersebut.,,,,,
Game Artist,J.62GIM00.021.2,Membuat Konsep Seni (Concept Art),Menentukan komponen konsep seni,1.1 Referensi visual dikumpulkan. 1.2 Sketsa kasar dibuat sesuai arahan. 1.3 Variasi desain elemen (karakter/lingkungan) dibuat.,,,,,
Game Artist,J.62GIM00.022.2,Membuat Aset Visual 2D,Mempersiapkan pembuatan aset 2D,1.1 Spesifikasi teknis aset diidentifikasi. 1.2 Sketsa dasar aset 2D dibuat. 1.3 Pewarnaan dan detail diselesaikan.,,,,,
Game Artist,J.62GIM00.023.2,Membuat Model Objek 3D,Membangun geometri objek 3D,1.1 Topologi mesh dibuat efisien. 1.2 Proporsi model disesuaikan referensi. 1.3 Teknik modeling diterapkan sesuai engine.,,,,,
Game Artist,J.62GIM00.024.2,Membuat Tekstur Objek 3D,Melakukan pemetaan UV (Unwrap),1.1 Koordinat UV diatur tanpa distorsi. 1.2 Material PBR diaplikasikan. 1.3 Texture map diekspor sesuai standar.,,,,,
Game Artist,J.62GIM00.025.2,Membuat Sistem Tulang (Rigging),Menentukan struktur tulang,1.1 Hierarki joint/bone dibuat. 1.2 Kontroler animasi dipasang. 1.3 Weight painting dilakukan dengan halus.,,,,,
Game Artist,J.62GIM00.026.2,Membuat Animasi Objek,Menggerakkan objek/karakter,1.1 Keyframe diatur sesuai durasi. 1.2 Prinsip animasi diterapkan. 1.3 Loop animasi dipastikan mulus.,,,,,
Game Artist,J.62GIM00.027.2,Membuat Efek Visual (VFX),Merancang sistem partikel,1.1 Emisi dan durasi partikel diatur. 1.2 Shader efek dibuat. 1.3 Efek diselaraskan dengan gameplay.,,,,,
Game Artist,J.62GIM00.028.2,Membuat Desain Antarmuka (UI),Merancang tata letak UI,1.1 Wireframe antarmuka dibuat. 1.2 Aset visual (ikon/tombol) didesain. 1.3 Navigasi dipastikan user-friendly.,,,,,
Game Artist,J.62GIM00.029.2,Membuat Level Environment,Menyusun komposisi level,1.1 Aset diletakkan sesuai layout. 1.2 Pencahayaan (lighting) diatur. 1.3 Navigasi lingkungan diuji coba.,,,,,
Game Artist,J.62GIM00.030.2,Membuat Desain Audio Game,Memproduksi aset suara,1.1 SFX dan BGM direkam/diedit. 1.2 Format file audio disesuaikan. 1.3 Kualitas audio diperiksa.,,,,,
Programmer,J.62GIM00.034.2,Melakukan Integrasi Animasi,Mengatur Animation State Machine,1.1 Klip animasi diimpor ke engine. 1.2 Transisi antar animasi diatur. 1.3 Logika pemicu (trigger) dihubungkan ke kode.,,,,,
Programmer,J.62GIM00.035.2,Melakukan Integrasi Audio,Mengimplementasikan audio engine,1.1 Audio listener ditempatkan. 1.2 Sound mixer diatur volumenya. 1.3 Pemicu suara dipasang pada event game.,,,,,
Programmer,J.62GIM00.036.2,Melakukan Integrasi UI,Membangun fungsionalitas menu,1.1 Canvas UI diatur skalanya. 1.2 Event klik tombol dihubungkan ke fungsi. 1.3 Data game ditampilkan ke layar (HUD).,,,,,
Programmer,J.62GIM00.038.2,Mengimplementasikan AI,Membangun perilaku NPC,1.1 Logika pengambilan keputusan dibuat. 1.2 Pathfinding (NavMesh) diimplementasikan. 1.3 AI diuji pada berbagai skenario.,,,,,
Programmer,J.62GIM00.039.2,Mengimplementasikan Multiplayer,Membangun sinkronisasi data,1.1 Arsitektur jaringan ditentukan. 1.2 Sinkronisasi posisi pemain dilakukan. 1.3 Latency (ping) dikelola.,,,,,
Programmer,J.62GIM00.040.2,Mengimplementasikan Monetisasi,Integrasi layanan IAP,1.1 Katalog produk toko disiapkan. 1.2 Proses transaksi dihubungkan ke API. 1.3 Validasi pembelian dilakukan.,,,,,
Programmer,J.62GIM00.042.1,Membuat Struktur Data,Memilih tipe data yang efisien,1.1 Struktur data dipilih sesuai kebutuhan. 1.2 Algoritma logika game dioptimasi. 1.3 Penggunaan memori dipantau.,,,,,
Programmer,J.62GIM00.043.1,Menerapkan Mekanika Game,Membangun sistem interaksi,1.1 Logika input (kendali) dibuat. 1.2 Sistem collision (tabrakan) diterapkan. 1.3 Aturan mekanika diimplementasikan.,,,,,
Programmer,J.62GIM00.046.2,Melakukan Debugging,Mengidentifikasi kesalahan kode,1.1 Error log dianalisis. 1.2 Langkah reproduksi bug ditemukan. 1.3 Perbaikan kode dilakukan dan divalidasi.,,,,,
Programmer,J.62GIM00.047.2,Mengimplementasikan Optimasi,Melakukan profiling kinerja,1.1 Bottleneck pada GPU/CPU dideteksi. 1.2 Draw calls dikurangi. 1.3 Load balancing dilakukan.,,,,,
Game Designer,J.62GIM00.002.2,Membuat Mekanika Game,Menentukan aturan permainan,1.1 Sistem tantangan didefinisikan. 1.2 Mekanisme reward ditentukan. 1.3 Parameter balancing awal dibuat.,,,,,
Game Designer,J.62GIM00.003.2,Membuat Desain Level,Merancang alur permainan,1.1 Flowchart level dibuat. 1.2 Penempatan rintangan dipetakan. 1.3 Pacing (ritme) level ditentukan.,,,,,
Game Designer,J.62GIM00.004.2,Membuat Sistem Ekonomi Game,Merancang struktur ekonomi,1.1 Sumber pendapatan pemain diatur. 1.2 Pengeluaran (sink) dirancang. 1.3 Inflasi dalam game dihindari.,,,,,
QA Tester,J.62GIM00.055.1,Membuat Rencana Pengujian,Menyusun strategi QA,1.1 Cakupan fitur ditentukan. 1.2 Jadwal testing dibuat. 1.3 Metodologi pengujian dipilih.,,,,,
QA Tester,J.62GIM00.056.1,Melakukan Pengujian Fungsional,Mengeksekusi test case,1.1 Skenario uji dijalankan. 1.2 Temuan penyimpangan dicatat. 1.3 Laporan bug dikirim ke tim dev.,,,,,
Project Manager,J.62GIM00.053.1,Mengelola Jadwal Produksi,Membuat timeline proyek,1.1 Milestone produksi ditetapkan. 1.2 Deadline tiap sprint ditentukan. 1.3 Progress kerja dipantau berkala.,,,,,
Project Manager,J.62GIM00.058.1,Mengelola Tim Pengembang,Melakukan koordinasi tim,1.1 Tugas didistribusikan ke anggota. 1.2 Konflik dalam tim diselesaikan. 1.3 Rapat sinkronisasi (daily standup) dilakukan.,,,,,
Product Manager,J.62GIM00.054.2,Menuliskan Spesifikasi,Membuat User Story,1.1 Kebutuhan fitur dijabarkan. 1.2 Acceptance criteria ditentukan. 1.3 Prioritas backlog diatur.,,,,,
Technical Lead,J.62GIM00.049.1,Menganalisis Risiko Teknis,Pemetaan potensi kendala,1.1 Limitasi hardware dianalisis. 1.2 Risiko pihak ketiga (plugin) dievaluasi. 1.3 Rencana mitigasi risiko dibuat.,,,,,
Community Manager,J.62GIM00.061.1,Mengelola Komunitas,Membangun keterlibatan pemain,1.1 Feedback pemain dikumpulkan. 1.2 Pengumuman update dipublikasikan. 1.3 Moderator komunitas dikelola.,,,,,
Operasional Logistik,H.52LOG00.001.2,Menyusun Rencana Operasional Logistik,Mengidentifikasi kebutuhan operasional logistik,1.1 Data permintaan pelanggan dikumpulkan. 1.2 Kapasitas sumber daya internal diidentifikasi. 1.3 Kendala operasional dipetakan.,,,,,
Operasional Logistik,H.52LOG00.001.2,Menyusun Rencana Operasional Logistik,Menetapkan jadwal operasional,2.1 Prioritas pengiriman ditentukan. 2.2 Alokasi armada dan personel dijadwalkan. 2.3 Rencana operasional disahkan oleh atasan.,,,,,
Gudang (Warehouse),H.52LOG00.002.2,Melaksanakan Penerimaan Barang,Menyiapkan dokumen penerimaan,1.1 Dokumen pengiriman diperiksa kelengkapannya. 1.2 Daftar cek (checklist) penerimaan disiapkan. 1.3 Area bongkar muat dipastikan siap.,,,,,
Gudang (Warehouse),H.52LOG00.002.2,Melaksanakan Penerimaan Barang,Melakukan verifikasi fisik barang,2.1 Jumlah dan kondisi fisik barang dicocokkan dengan dokumen. 2.2 Barang rusak atau tidak sesuai dipisahkan. 2.3 Berita acara penerimaan ditandatangani.,,,,,
Gudang (Warehouse),H.52LOG00.003.2,Melaksanakan Penyimpanan Barang,Menentukan lokasi penyimpanan,1.1 Karakteristik barang diidentifikasi (suhu/berat/bahaya). 1.2 Lokasi rak/bin ditentukan sesuai sistem (FIFO/LIFO). 1.3 Label lokasi dipasang pada barang.,,,,,
Gudang (Warehouse),H.52LOG00.004.2,Melaksanakan Administrasi Pergudangan,Melakukan pencatatan data barang,1.1 Data mutasi barang dimasukkan ke sistem/kartu stok. 1.2 Dokumen masuk-keluar diarsipkan sesuai prosedur. 1.3 Laporan harian gudang disusun.,,,,,
Gudang (Warehouse),H.52LOG00.005.2,Melakukan Stok Opname,Menyiapkan pelaksanaan stok opname,1.1 Jadwal stok opname ditetapkan. 1.2 Tim pelaksana dibentuk. 1.3 Dokumen daftar stok (stock list) dicetak.,,,,,
Gudang (Warehouse),H.52LOG00.005.2,Melakukan Stok Opname,Mencocokkan saldo fisik dengan saldo buku,2.1 Perhitungan fisik dilakukan secara teliti. 2.2 Selisih stok diidentifikasi penyebabnya. 2.3 Laporan hasil stok opname dilaporkan ke manajemen.,,,,,
Pengiriman (Shipping),H.52LOG00.006.2,Melaksanakan Pengiriman Barang,Menyiapkan barang untuk dikirim,1.1 Barang diambil sesuai order (picking). 1.2 Pengemasan (packing) dilakukan sesuai standar keamanan. 1.3 Label alamat pengiriman ditempelkan.,,,,,
Pengiriman (Shipping),H.52LOG00.007.2,Mengelola Transportasi Logistik,Memilih moda transportasi,1.1 Opsi moda (darat/laut/udara) dibandingkan biayanya. 1.2 Rute perjalanan paling efisien ditentukan. 1.3 Vendor transportasi dipilih berdasarkan kriteria.,,,,,
Pengadaan (Procurement),H.52LOG00.008.2,Melakukan Pembelian Barang/Jasa,Menentukan spesifikasi kebutuhan,1.1 Permintaan pembelian (PR) diverifikasi. 1.2 Spesifikasi teknis barang disusun. 1.3 Anggaran pembelian dipastikan tersedia.,,,,,
Pengadaan (Procurement),H.52LOG00.008.2,Melakukan Pembelian Barang/Jasa,Melaksanakan proses pembelian,2.1 Penawaran harga diminta dari pemasok. 2.2 Seleksi pemasok dilakukan berdasarkan harga dan kualitas. 2.3 Pesanan pembelian (PO) diterbitkan.,,,,,
Manajemen Logistik,H.52LOG00.012.2,Mengelola Biaya Logistik,Memantau pengeluaran biaya,1.1 Biaya tetap dan biaya variabel dikelompokkan. 1.2 Realisasi biaya dibandingkan dengan anggaran. 1.3 Efisiensi biaya diusulkan kepada pimpinan.,,,,,
Manajemen Logistik,H.52LOG00.015.2,Mengelola Hubungan dengan Pelanggan,Menangani keluhan pelanggan,1.1 Keluhan pelanggan dicatat dalam sistem. 1.2 Solusi atas keluhan dikoordinasikan dengan tim terkait. 1.3 Kepuasan pelanggan setelah penanganan diukur.,,,,,
Inventory Control,H.52LOG00.018.2,Menentukan Tingkat Persediaan,Menghitung parameter stok,1.1 Safety stock dihitung berdasarkan fluktuasi permintaan. 1.2 Titik pemesanan kembali (Reorder Point) ditetapkan. 1.3 Rasio perputaran stok (Inventory Turnover) dianalisis.,,,,,
K3 Logistik,H.52LOG00.020.2,Menerapkan K3 di Lingkungan Kerja,Mengidentifikasi potensi bahaya,1.1 Alat Pelindung Diri (APD) digunakan sesuai standar. 1.2 Rambu-rambu keselamatan dipasang di area gudang. 1.3 Prosedur keadaan darurat dipahami oleh seluruh staf.,,,,,
Distribusi,H.52LOG00.022.2,Mengelola Pusat Distribusi,Mengoptimalkan alur barang,1.1 Tata letak (layout) pusat distribusi diatur. 1.2 Proses cross-docking diterapkan jika diperlukan. 1.3 Kecepatan pengolahan pesanan dipantau.,,,,,
Ekspor Impor,H.52LOG00.025.2,Mengurus Dokumen Ekspor-Impor,Menyiapkan dokumen pabean,1.1 Invoice dan Packing List divalidasi. 1.2 Pemberitahuan Ekspor/Impor Barang (PEB/PIB) disiapkan. 1.3 Izin khusus impor diperiksa masa berlakunya.,,,,,
Teknologi Logistik,H.52LOG00.028.2,Mengoperasikan Sistem Informasi Logistik,Memasukkan data ke dalam aplikasi,1.1 User login dilakukan sesuai hak akses. 1.2 Data transaksi diinput secara akurat. 1.3 Backup data dilakukan secara periodik.,,,,,
Manajemen Rantai Pasok,H.52LOG00.030.2,Melakukan Kolaborasi Rantai Pasok,Membangun kemitraan dengan pemasok,1.1 Target bersama dengan pemasok ditetapkan. 1.2 Pertukaran informasi stok dilakukan secara real-time. 1.3 Evaluasi kinerja kemitraan dilakukan secara rutin.,,,,,
Inventory Control,H.52LOG00.018.2,Menentukan Tingkat Persediaan,Menganalisis kebutuhan persediaan,1.1 Data historis pemakaian barang dikumpulkan. 1.2 Tren permintaan pelanggan dianalisis. 1.3 Lead time pengadaan barang diidentifikasi.,,,,,
Inventory Control,H.52LOG00.018.2,Menentukan Tingkat Persediaan,Menghitung parameter stok optimal,2.1 Economic Order Quantity (EOQ) dihitung. 2.2 Safety stock ditetapkan berdasarkan tingkat layanan. 2.3 Reorder Point (ROP) ditentukan.,,,,,
Admin Logistik,H.52LOG00.004.2,Melaksanakan Administrasi Pergudangan,Memproses dokumen pengeluaran barang,2.1 Surat Jalan (Delivery Order) divalidasi. 2.2 Picking list dicetak untuk petugas gudang. 2.3 Status stok diperbarui pada sistem aplikasi.,,,,,
Warehouse Supervisor,H.52LOG00.022.2,Mengelola Pusat Distribusi,Merencanakan tata letak gudang,1.1 Ruang penyimpanan dialokasikan berdasarkan fast/slow moving. 1.2 Jalur transportasi forklift diatur untuk kelancaran alur. 1.3 Area karantina barang rusak ditentukan.,,,,,
Warehouse Supervisor,H.52LOG00.022.2,Mengelola Pusat Distribusi,Mengawasi produktivitas kerja,2.1 Kecepatan proses bongkar muat diukur. 2.2 Akurasi pengambilan barang dipantau. 2.3 Penggunaan peralatan kerja dipastikan sesuai SOP.,,,,,
Logistik Spesialis,H.52LOG00.031.2,Melakukan Analisis Rantai Pasok,Mengidentifikasi aliran nilai (Value Stream),1.1 Titik-titik penambahan nilai diidentifikasi. 1.2 Aktivitas yang tidak bernilai tambah (waste) dipetakan. 1.3 Total lead time rantai pasok dihitung.,,,,,
Logistik Spesialis,H.52LOG00.031.2,Melakukan Analisis Rantai Pasok,Memberikan rekomendasi perbaikan,2.1 Usulan optimasi proses disusun. 2.2 Analisis dampak risiko dilakukan. 2.3 Laporan analisis dipresentasikan kepada manajemen.,,,,,
Purchasing Officer,H.52LOG00.009.2,Melakukan Evaluasi Kinerja Pemasok,Menentukan kriteria evaluasi,"1.1 Parameter kualitas, harga, dan ketepatan waktu ditetapkan. 1.2 Bobot penilaian untuk setiap parameter ditentukan. 1.3 Periode evaluasi dijadwalkan.",,,,,
Purchasing Officer,H.52LOG00.009.2,Melakukan Evaluasi Kinerja Pemasok,Menyusun laporan hasil evaluasi,2.1 Skor kinerja pemasok dihitung. 2.2 Rekomendasi perpanjangan atau pemutusan kontrak dibuat. 2.3 Hasil evaluasi dikomunikasikan kepada pemasok terkait.,,,,,
Operator Logistik,H.52LOG00.019.2,Menangani Barang Berbahaya (B3),Mengidentifikasi jenis barang B3,1.1 Simbol bahaya pada kemasan diperiksa. 1.2 Lembar Data Keselamatan (MSDS) dipelajari. 1.3 Peralatan penanganan khusus disiapkan.,,,,,
Operator Logistik,H.52LOG00.019.2,Menangani Barang Berbahaya (B3),Melakukan penyimpanan barang B3,2.1 Barang disimpan terpisah berdasarkan kelas bahaya. 2.2 Ventilasi dan suhu ruangan diatur sesuai standar. 2.3 Alat pemadam api dipastikan tersedia di dekat lokasi.,,,,,
Logistik Manager,H.52LOG00.040.2,Menyusun Kebijakan Manajemen Rantai Pasok,Menetapkan visi dan misi logistik,1.1 Tujuan strategis perusahaan diidentifikasi. 1.2 Kebijakan layanan pelanggan dirumuskan. 1.3 Target performa jangka panjang ditetapkan.,,,,,
Logistik Manager,H.52LOG00.040.2,Menyusun Kebijakan Manajemen Rantai Pasok,Mensosialisasikan kebijakan,2.1 Kebijakan didokumentasikan secara formal. 2.2 Pertemuan koordinasi antar departemen dilaksanakan. 2.3 Mekanisme kepatuhan terhadap kebijakan ditetapkan.,,,,,
Planner Logistik,H.52LOG00.041.2,Mengelola Perencanaan Permintaan,Mengumpulkan data permintaan,1.1 Data penjualan masa lalu divalidasi. 1.2 Informasi rencana promosi dikumpulkan. 1.3 Input dari tim pemasaran dan penjualan diintegrasikan.,,,,,
Planner Logistik,H.52LOG00.041.2,Mengelola Perencanaan Permintaan,Membuat proyeksi permintaan (Forecast),2.1 Metode peramalan yang sesuai dipilih. 2.2 Angka proyeksi dihitung untuk periode mendatang. 2.3 Akurasi ramalan dipantau secara berkala.,,,,,
Dispatcher,H.52LOG00.007.2,Mengelola Transportasi Logistik,Melakukan penjadwalan armada,2.1 Kapasitas angkut kendaraan dicocokkan dengan volume barang. 2.2 Penugasan pengemudi dilakukan sesuai rute. 2.3 Waktu keberangkatan dan estimasi kedatangan diinput ke sistem.,,,,,
Dispatcher,H.52LOG00.007.2,Mengelola Transportasi Logistik,Melakukan pemantauan perjalanan,3.1 Posisi kendaraan dilacak secara real-time (GPS). 3.2 Kendala di perjalanan (macet/rusak) ditangani segera. 3.3 Status pengiriman diperbarui kepada pelanggan.,,,,,
Kurir/Driver,H.52LOG00.011.2,Melaksanakan Penyerahan Barang kepada Pelanggan,Melakukan konfirmasi kedatangan,1.1 Pelanggan dihubungi sebelum tiba di lokasi. 1.2 Identitas penerima barang diverifikasi. 1.3 Lokasi penurunan barang dipastikan aman.,,,,,
Kurir/Driver,H.52LOG00.011.2,Melaksanakan Penyerahan Barang kepada Pelanggan,Menyelesaikan administrasi penyerahan,2.1 Barang diserahkan sesuai jumlah dokumen. 2.2 Tanda tangan dan stempel penerima diambil (POD). 2.3 Bukti penyerahan diunggah/diserahkan ke kantor.,,,,,
Analyst Logistik,H.52LOG00.035.2,Mengelola Pengembalian Barang (Reverse Logistics),Memproses otorisasi pengembalian,1.1 Alasan pengembalian diverifikasi (rusak/salah kirim). 1.2 Persetujuan retur diterbitkan. 1.3 Instruksi penjemputan barang dikirim ke bagian transportasi.,,,,,
Analyst Logistik,H.52LOG00.035.2,Mengelola Pengembalian Barang (Reverse Logistics),Menentukan disposisi barang retur,2.1 Kondisi barang diperiksa setelah tiba kembali. 2.2 Keputusan diambil (perbaikan/stok ulang/musnah). 2.3 Pencatatan keuangan/kredit note diselesaikan.,,,,,
Operasional Logistik,H.52LOG00.021.2,Melakukan Pengemasan (Packing),Menyiapkan material pengemas,1.1 Jenis kemasan dipilih berdasarkan fragilitas barang. 1.2 Material pelindung (bubble wrap/dunnage) disiapkan. 1.3 Alat potong dan perekat dipastikan berfungsi.,,,,,
Operasional Logistik,H.52LOG00.021.2,Melakukan Pengemasan (Packing),Melaksanakan proses pengemasan,2.1 Barang dimasukkan ke kemasan dengan pelindung. 2.2 Segel keamanan dipasang. 2.3 Tanda instruksi penanganan (fragile/this way up) ditempelkan.,,,,,
Freight Forwarder,H.52LOG00.026.2,Mengelola Pengiriman Barang Internasional,Menentukan rute internasional,1.1 Pelabuhan muat dan bongkar diidentifikasi. 1.2 Jadwal keberangkatan kapal/pesawat dipastikan. 1.3 Biaya freight dan surcharge dikalkulasi.,,,,,
Freight Forwarder,H.52LOG00.026.2,Mengelola Pengiriman Barang Internasional,Mengurus asuransi pengiriman,2.1 Nilai barang yang diasuransikan ditetapkan. 2.2 Polis asuransi diterbitkan sesuai cakupan risiko. 2.3 Dokumen asuransi disertakan dalam bundle pengiriman.,,,,,
Desainer Grafis,M.741000.001.02,Mengaplikasikan Prinsip Dasar Desain,Menentukan sumber informasi pendukung desain,1.1 Sumber informasi diidentifikasi. 1.2 Materi informasi dikumpulkan.,,,,,
Desainer Grafis,M.741000.001.02,Mengaplikasikan Prinsip Dasar Desain,Menerapkan prinsip dasar desain,"2.1 Elemen desain diaplikasikan. 2.2 Prinsip desain (kesatuan, keseimbangan, dll) diterapkan pada karya.",,,,,
Desainer Grafis,M.741000.002.03,Mengoperasikan Perangkat Lunak Desain,Mempersiapkan perangkat lunak desain,1.1 Jenis perangkat lunak dipilih sesuai kebutuhan. 1.2 Perangkat lunak dijalankan sesuai prosedur.,,,,,
Desainer Grafis,M.741000.002.03,Mengoperasikan Perangkat Lunak Desain,Membuat dokumen desain,2.1 Fasilitas perintah dalam software digunakan. 2.2 Objek desain dibuat dan dimodifikasi. 2.3 Dokumen disimpan dengan format yang tepat.,,,,,
Desainer Grafis,M.741000.005.02,Menyusun Background/Latar Belakang,Melakukan riset latar belakang,1.1 Data teknis dan non-teknis dikumpulkan. 1.2 Kompetitor dan target audiens dianalisis.,,,,,
Desainer Grafis,M.741000.005.02,Menyusun Background/Latar Belakang,Merumuskan strategi desain,2.1 Konsep visual ditetapkan. 2.2 Strategi kreatif disusun dalam bentuk narasi/visual.,,,,,
Desainer Grafis,M.741000.006.01,Melaksanakan Penulisan Kreatif (Copywriting),Menciptakan ide penulisan,1.1 Kata kunci diidentifikasi. 1.2 Premis atau ide cerita dikembangkan.,,,,,
Desainer Grafis,M.741000.006.01,Melaksanakan Penulisan Kreatif (Copywriting),Membuat draf tulisan,2.1 Struktur tulisan disusun. 2.2 Gaya bahasa disesuaikan dengan media dan audiens.,,,,,
Desainer Grafis,M.741000.007.01,Melaksanakan Penulisan Teknis (Scriptwriting),Menyusun struktur skrip,1.1 Alur cerita (plot) ditentukan. 1.2 Penulisan adegan dan dialog dilakukan secara teknis.,,,,,
Desainer Grafis,M.741000.008.02,Menetapkan Strategi Desain,Menetapkan kriteria desain,1.1 Batasan proyek diidentifikasi. 1.2 Standar kualitas hasil akhir ditetapkan.,,,,,
Art Director,M.741000.009.02,Mengarahkan Tim Kreatif,Memberikan arahan kreatif,1.1 Brief desain dijelaskan kepada tim. 1.2 Moodboard atau referensi visual diberikan sebagai panduan.,,,,,
Art Director,M.741000.009.02,Mengarahkan Tim Kreatif,Mengevaluasi hasil kerja tim,2.1 Progres pekerjaan dipantau. 2.2 Masukan dan revisi diberikan sesuai standar kualitas.,,,,,
Project Manager,M.741000.010.01,Mengelola Proyek Desain,Melakukan perencanaan proyek,1.1 Alokasi sumber daya manusia ditentukan. 1.2 Timeline dan milestone proyek ditetapkan.,,,,,
Project Manager,M.741000.010.01,Mengelola Proyek Desain,Mengawasi jalannya proyek,2.1 Komunikasi dengan klien dijaga. 2.2 Anggaran proyek dikelola secara efisien.,,,,,
Senior Desainer,M.741000.011.01,Menetapkan Konsep Desain,Mengembangkan ide visual,1.1 Brainstorming dilakukan untuk mencari solusi kreatif. 1.2 Sketsa kasar (thumbnail) dibuat untuk eksplorasi.,,,,,
Senior Desainer,M.741000.011.01,Menetapkan Konsep Desain,Memilih konsep terbaik,2.1 Alternatif konsep dinilai berdasarkan kriteria. 2.2 Konsep final dipilih untuk dikembangkan lebih lanjut.,,,,,
Desainer Grafis,M.741000.012.01,Membuat Purwarupa (Prototyping),Menyiapkan elemen purwarupa,1.1 Komponen visual disiapkan. 1.2 Alat dan bahan untuk prototyping disediakan.,,,,,
Desainer Grafis,M.741000.012.01,Membuat Purwarupa (Prototyping),Menyusun model purwarupa,2.1 Simulasi desain dilakukan. 2.2 Fungsi dan estetika purwarupa diuji coba.,,,,,
Desainer Grafis,M.741000.013.01,Mempresentasikan Karya Desain,Menyiapkan materi presentasi,1.1 Portofolio atau dummy disiapkan. 1.2 Narasi presentasi disusun secara sistematis.,,,,,
Desainer Grafis,M.741000.013.01,Mempresentasikan Karya Desain,Melakukan sesi presentasi,2.1 Keunggulan desain dijelaskan kepada klien. 2.2 Tanggapan atau masukan klien dicatat untuk tindak lanjut.,,,,,
Data Scientist,J.62DDS00.001.1,Menentukan Objek Data,Mengidentifikasi sumber data,1.1 Kebutuhan data diidentifikasi sesuai dengan tujuan bisnis. 1.2 Sumber data internal dan eksternal dipetakan. 1.3 Aksesibilitas data diperiksa.,,,,,
Data Scientist,J.62DDS00.001.1,Menentukan Objek Data,Menelaah karakteristik data,"2.1 Struktur data (terstruktur/tidak) diidentifikasi. 2.2 Volume, velocity, dan variety data dinilai. 2.3 Format data divalidasi.",,,,,
Data Scientist,J.62DDS00.002.1,Memilih Sumber Data,Mengevaluasi kualitas sumber data,1.1 Kredibilitas sumber data diverifikasi. 1.2 Relevansi data terhadap masalah dianalisis. 1.3 Keandalan data dipastikan melalui pengecekan sampel.,,,,,
Data Scientist,J.62DDS00.002.1,Memilih Sumber Data,Menetapkan sumber data terpilih,2.1 Sumber data dipilih berdasarkan kriteria kualitas. 2.2 Izin penggunaan data dikonfirmasi sesuai regulasi privasi.,,,,,
Data Scientist,J.62DDS00.003.1,Mengumpulkan Data,Melaksanakan akuisisi data,1.1 Protokol pengambilan data dijalankan. 1.2 Alat bantu (tools) pengumpulan data dioperasikan. 1.3 Integritas data selama proses transfer dijaga.,,,,,
Data Scientist,J.62DDS00.003.1,Mengumpulkan Data,Mendokumentasikan proses koleksi,2.1 Log pengumpulan data dicatat. 2.2 Metadata dari data yang dikumpulkan disusun secara sistematis.,,,,,
Data Scientist,J.62DDS00.004.1,Menelaah Data,Melakukan inspeksi data,1.1 Statistik deskriptif dasar dihitung. 1.2 Nilai kosong (missing values) diidentifikasi. 1.3 Pencilan (outliers) dipetakan.,,,,,
Data Scientist,J.62DDS00.004.1,Menelaah Data,Memvalidasi kualitas data,2.1 Konsistensi antar atribut data diperiksa. 2.2 Kebenaran tipe data divalidasi sesuai skema.,,,,,
Data Scientist,J.62DDS00.005.1,Membersihkan Data,Menangani data yang tidak lengkap,1.1 Strategi imputasi atau penghapusan missing value ditentukan. 1.2 Proses pembersihan dijalankan sesuai parameter teknis.,,,,,
Data Scientist,J.62DDS00.005.1,Membersihkan Data,Menormalisasi format data,2.1 Duplikasi data dihapus. 2.2 Format penulisan diseragamkan (standarisasi). 2.3 Data yang sudah bersih disimpan dalam repositori antara.,,,,,
Data Scientist,J.62DDS00.006.1,Mengonstruksi Data,Melakukan transformasi data,1.1 Feature engineering dilakukan untuk membuat atribut baru. 1.2 Scaling atau encoding diterapkan pada fitur kategorikal.,,,,,
Data Scientist,J.62DDS00.006.1,Mengonstruksi Data,Menyiapkan dataset final,2.1 Data diintegrasikan dari berbagai sumber. 2.2 Dataset dibagi menjadi data latih (train) dan data uji (test).,,,,,
Data Scientist,J.62DDS00.007.1,Membangun Model,Memilih algoritma pemodelan,1.1 Algoritma yang sesuai (regresi/klasifikasi/klaster) dipilih. 1.2 Library atau framework pemodelan disiapkan.,,,,,
Data Scientist,J.62DDS00.007.1,Membangun Model,Melatih model data,2.1 Hyperparameter diatur sesuai skenario. 2.2 Proses training dijalankan menggunakan data latih. 2.3 Model awal dihasilkan.,,,,,
Data Scientist,J.62DDS00.008.1,Mengevaluasi Hasil Pemodelan,Mengukur performa model,1.1 Metrik evaluasi (akurasi/precision/recall/RMSE) dihitung. 1.2 Confusion matrix atau kurva validasi dianalisis.,,,,,
Data Scientist,J.62DDS00.008.1,Mengevaluasi Hasil Pemodelan,Melakukan validasi model,2.1 Model diuji menggunakan data uji (test set). 2.2 Fenomena overfitting atau underfitting diidentifikasi. 2.3 Perbandingan antar model dilakukan untuk memilih yang terbaik.,,,,,
Data Scientist,J.62DDS00.009.1,Mengomunikasikan Hasil,Membuat visualisasi data,1.1 Grafik atau dashboard interaktif disusun. 1.2 Pesan utama dari hasil analisis divisualisasikan agar mudah dipahami.,,,,,
Data Scientist,J.62DDS00.009.1,Mengomunikasikan Hasil,Menyampaikan temuan kepada stakeholder,2.1 Laporan presentasi disusun sesuai profil audiens. 2.2 Rekomendasi bisnis diberikan berdasarkan hasil pemodelan.,,,,,
Data Scientist,J.62DDS00.010.1,Membuat Laporan Akhir,Menyusun dokumentasi teknis,1.1 Metodologi yang digunakan dicatat secara detail. 1.2 Arsitektur model dan spesifikasi hardware/software didokumentasikan.,,,,,
Data Scientist,J.62DDS00.010.1,Membuat Laporan Akhir,Memfinalisasi laporan proyek,2.1 Executive summary dibuat untuk manajemen. 2.2 Laporan akhir diserahkan sesuai prosedur administrasi organisasi.,,,,,
Data Analyst,M.70DAN00.001.1,Mengidentifikasi Masalah Bisnis,Menentukan kebutuhan bisnis,1.1 Masalah bisnis diidentifikasi. 1.2 Tujuan bisnis ditentukan. 1.3 Kriteria keberhasilan analisis ditetapkan.,,,,,
Data Analyst,M.70DAN00.001.1,Mengidentifikasi Masalah Bisnis,Menentukan ruang lingkup analisis,2.1 Batasan analisis ditentukan. 2.2 Pemangku kepentingan diidentifikasi. 2.3 Rencana kerja analisis disusun.,,,,,
Data Analyst,M.70DAN00.002.1,Menentukan Kebutuhan Data,Mengidentifikasi sumber data,1.1 Jenis data yang dibutuhkan diidentifikasi. 1.2 Sumber data potensial dipetakan. 1.3 Metode perolehan data ditentukan.,,,,,
Data Analyst,M.70DAN00.002.1,Menentukan Kebutuhan Data,Menyusun spesifikasi data,2.1 Format data ditentukan. 2.2 Struktur data didefinisikan. 2.3 Standar kualitas data ditetapkan.,,,,,
Data Analyst,M.70DAN00.003.1,Mengumpulkan Data,Melakukan akuisisi data,1.1 Data dikumpulkan dari sumber primer/sekunder. 1.2 Alat pengumpulan data digunakan sesuai prosedur. 1.3 Integritas data selama pengumpulan dijaga.,,,,,
Data Analyst,M.70DAN00.004.1,Menelaah Data,Melakukan eksplorasi data,1.1 Karakteristik data diidentifikasi. 1.2 Ringkasan statistik data dihitung. 1.3 Pola data awal diidentifikasi.,,,,,
Data Analyst,M.70DAN00.005.1,Membersihkan Data,Menangani kesalahan data,1.1 Data yang duplikat dihapus. 1.2 Data yang hilang (missing values) ditangani. 1.3 Ketidakkonsistenan data diperbaiki.,,,,,
Data Analyst,M.70DAN00.006.1,Mengonstruksi Data,Melakukan transformasi data,1.1 Format data disesuaikan. 1.2 Penggabungan data (merging) dilakukan. 1.3 Feature engineering dasar dilakukan.,,,,,
Data Analyst,M.70DAN00.007.1,Menganalisis Data Menggunakan Statistik,Menerapkan metode statistik,1.1 Metode statistik yang relevan dipilih. 1.2 Uji hipotesis atau korelasi dilakukan. 1.3 Hasil statistik diinterpretasikan.,,,,,
Data Analyst,M.70DAN00.008.1,Menganalisis Data Menggunakan Alat Pemodelan,Membangun model analitik,1.1 Algoritma pemodelan dipilih. 1.2 Model dikembangkan menggunakan tool analitik. 1.3 Validitas model diuji.,,,,,
Data Analyst,M.70DAN00.009.1,Mengevaluasi Hasil Analisis,Melakukan validasi hasil,1.1 Hasil analisis dibandingkan dengan tujuan bisnis. 1.2 Signifikansi hasil dievaluasi. 1.3 Rekomendasi disusun berdasarkan hasil evaluasi.,,,,,
Data Analyst,M.70DAN00.010.1,Melakukan Visualisasi Data,Merancang visualisasi,1.1 Jenis grafik yang tepat dipilih. 1.2 Desain visualisasi dibuat agar informatif. 1.3 Interaktivitas visualisasi (jika perlu) disiapkan.,,,,,
Data Analyst,M.70DAN00.010.1,Melakukan Visualisasi Data,Mengomunikasikan insight,2.1 Narasi data (storytelling) disusun. 2.2 Visualisasi dipresentasikan kepada pemangku kepentingan.,,,,,
Data Analyst,M.70DAN00.011.1,Membuat Laporan Hasil Analisis,Menyusun draf laporan,1.1 Struktur laporan ditentukan. 1.2 Temuan utama dituangkan dalam teks. 1.3 Lampiran data teknis disiapkan.,,,,,
Data Analyst,M.70DAN00.012.1,Mengelola Keamanan dan Privasi Data,Menerapkan proteksi data,1.1 Akses data dibatasi sesuai kewenangan. 1.2 Teknik anonimisasi data diterapkan pada data sensitif.,,,,,
Data Analyst,M.70DAN00.013.1,Melakukan Penjaminan Kualitas Analisis,Memeriksa proses analisis,1.1 Setiap tahapan analisis diverifikasi. 1.2 Dokumentasi kode dan metodologi diperiksa.,,,,,
Data Analyst,M.70DAN00.014.1,Memberikan Dukungan Pengambilan Keputusan,Menyajikan opsi keputusan,1.1 Berbagai skenario hasil analisis disajikan. 1.2 Risiko dan peluang dari setiap opsi dijelaskan.,,,,,
Data Analyst,M.70DAN00.008.1,Menganalisis Data Menggunakan Alat Pemodelan,Mengoptimasi model,2.1 Parameter model disesuaikan (tuning). 2.2 Perbandingan akurasi antar model dilakukan.,,,,,
Data Analyst,M.70DAN00.005.1,Membersihkan Data,Mendokumentasikan pembersihan,2.1 Langkah-langkah pembersihan dicatat. 2.2 Alasan penghapusan atau perubahan data diberikan secara transparan.,,,,,
Data Analyst,M.70DAN00.009.1,Mengevaluasi Hasil Analisis,Menelaah dampak bisnis,2.1 Perkiraan dampak finansial atau operasional dihitung. 2.2 Hambatan implementasi hasil analisis dipetakan.,,,,,
Security Analyst,J.620900.001.03,Menyusun Rancangan Pengamanan Informasi,Menentukan parameter keamanan,1.1 Kebutuhan keamanan informasi diidentifikasi sesuai kebijakan. 1.2 Aset informasi yang perlu dilindungi dipetakan. 1.3 Tingkat risiko keamanan dievaluasi.,,,,,
Security Analyst,J.620900.001.03,Menyusun Rancangan Pengamanan Informasi,Merancang arsitektur keamanan,2.1 Kontrol keamanan informasi dipilih. 2.2 Topologi jaringan yang aman dirancang. 2.3 Standar operasional prosedur (SOP) pengamanan disusun.,,,,,
Security Engineer,J.620900.002.03,Mengoperasikan Piranti Lunak Keamanan,Menyiapkan instalasi piranti lunak,1.1 Persyaratan sistem piranti lunak keamanan diperiksa. 1.2 Prosedur instalasi diidentifikasi sesuai panduan vendor.,,,,,
Security Engineer,J.620900.002.03,Mengoperasikan Piranti Lunak Keamanan,Melakukan konfigurasi piranti lunak,2.1 Parameter keamanan diatur sesuai rancangan. 2.2 Aturan (rules) keamanan diaktifkan. 2.3 Konektivitas piranti lunak ke jaringan dipastikan berjalan.,,,,,
System Administrator,J.620900.004.03,Melakukan Pengaturan Akses Keamanan,Menetapkan kebijakan akses,1.1 Profil pengguna dan hak akses diidentifikasi. 1.2 Metode autentikasi dipilih (password/biometrik/MFA). 1.3 Batasan akses ditentukan berdasarkan prinsip least privilege.,,,,,
System Administrator,J.620900.004.03,Melakukan Pengaturan Akses Keamanan,Mengelola akun pengguna,2.1 Akun pengguna dibuat dan dihapus sesuai siklus hidup pegawai. 2.2 Perubahan hak akses didokumentasikan dan disetujui.,,,,,
Incident Responder,J.620900.008.03,Menangani Insiden Keamanan,Melakukan deteksi dini insiden,1.1 Anomali pada sistem diidentifikasi melalui log. 1.2 Peringatan dari sistem pemantauan dianalisis tingkat urgensinya.,,,,,
Incident Responder,J.620900.008.03,Menangani Insiden Keamanan,Melakukan tindakan respons,2.1 Prosedur isolasi sistem yang terinfeksi dijalankan. 2.2 Langkah-langkah mitigasi untuk menghentikan penyebaran serangan dilakukan. 2.3 Upaya pemulihan data dan sistem dilaksanakan.,,,,,
Vulnerability Researcher,J.620900.009.03,Melakukan Pemindaian Kerentanan,Merencanakan pemindaian,1.1 Objek yang akan dipindai ditentukan. 1.2 Alat bantu pemindaian (vulnerability scanner) disiapkan. 1.3 Jadwal pemindaian ditetapkan agar tidak mengganggu operasional.,,,,,
Vulnerability Researcher,J.620900.009.03,Melakukan Pemindaian Kerentanan,Menganalisis hasil pemindaian,2.1 Daftar celah keamanan (CVE) diklasifikasikan berdasarkan tingkat bahaya. 2.2 Rekomendasi penambalan (patching) disusun bagi tim teknis.,,,,,
Security Auditor,J.620900.012.03,Melakukan Audit Keamanan Informasi Internal,Menyiapkan instrumen audit,1.1 Kriteria audit ditetapkan berdasarkan standar ISO/IEC 27001. 1.2 Daftar periksa (checklist) audit dikembangkan. 1.3 Tim auditor dan jadwal wawancara ditentukan.,,,,,
Security Auditor,J.620900.012.03,Melakukan Audit Keamanan Informasi Internal,Melaksanakan verifikasi kepatuhan,2.1 Bukti-bukti penerapan kontrol keamanan diperiksa. 2.2 Temuan ketidaksesuaian dicatat. 2.3 Laporan hasil audit internal disusun untuk manajemen.,,,,,
Forensic Analyst,J.620900.015.02,Melakukan Akuisisi Data Digital,Mengamankan barang bukti,1.1 Perangkat media penyimpanan diamankan secara fisik. 1.2 Rantai pengawasan (chain of custody) didokumentasikan.,,,,,
Forensic Analyst,J.620900.015.02,Melakukan Akuisisi Data Digital,Melakukan penggandaan bit-per-bit,2.1 Media penyimpanan dikloning menggunakan alat forensik. 2.2 Nilai hash dihitung untuk menjamin integritas data asli.,,,,,
Security Officer,J.620900.019.02,Memberikan Sosialisasi Keamanan,Menyusun materi kesadaran keamanan,"1.1 Materi edukasi (phishing, password, sosial engineering) disiapkan. 1.2 Media sosialisasi (infografis/video/poster) dibuat menarik.",,,,,
Security Officer,J.620900.019.02,Memberikan Sosialisasi Keamanan,Mengevaluasi efektivitas sosialisasi,2.1 Survei pemahaman peserta dilakukan setelah sesi. 2.2 Penurunan jumlah insiden akibat faktor manusia diukur secara berkala.,,,,,
Risk Manager,J.620900.021.02,Melakukan Analisis Risiko Keamanan,Mengidentifikasi ancaman dan dampak,1.1 Sumber ancaman (hacker/alam/internal) dipetakan. 1.2 Estimasi kerugian finansial atau reputasi dihitung jika risiko terjadi.,,,,,
Risk Manager,J.620900.021.02,Melakukan Analisis Risiko Keamanan,Menentukan opsi mitigasi risiko,2.1 Strategi penanganan (mitigasi/transfer/hindari/terima) dipilih. 2.2 Rencana aksi penanganan risiko disusun sesuai prioritas.,,,,,
Network Security,J.620900.023.01,Melakukan Konfigurasi Tembok Api (Firewall),Menentukan aturan lalu lintas data,1.1 Port dan protokol yang diizinkan diidentifikasi. 1.2 Daftar alamat IP pengirim dan penerima yang sah ditentukan.,,,,,
Network Security,J.620900.023.01,Melakukan Konfigurasi Tembok Api (Firewall),Memantau kinerja firewall,2.1 Log akses diperiksa untuk mendeteksi upaya penyusupan. 2.2 Aturan firewall diperbarui secara berkala sesuai kebutuhan bisnis.,,,,,
Security Engineer,J.620900.021.01,Melakukan Konfigurasi Sistem Deteksi Intrusi (Intrusion Detection System),Menyiapkan komponen sistem deteksi,1.1 Perangkat keras dan lunak IDS dipastikan siap beroperasi. 1.2 Topologi penempatan sensor IDS ditentukan sesuai titik rawan jaringan. 1.3 Akses administratif ke sistem IDS dikonfigurasi secara aman.,,,,,
Security Engineer,J.620900.021.01,Melakukan Konfigurasi Sistem Deteksi Intrusi (Intrusion Detection System),Mengelola aturan (signature) deteksi,2.1 Database tanda serangan (signature) diperbarui ke versi terbaru. 2.2 Aturan deteksi (rules) disesuaikan dengan profil trafik normal jaringan. 2.3 Sistem notifikasi/alert diuji coba untuk memastikan pesan peringatan sampai ke administrator.,,,,,
Cyber Security Specialist,J.620900.022.01,Melakukan Pengujian Keamanan Jaringan (Network Security Testing),Melakukan persiapan pengujian,1.1 Ruang lingkup dan batasan pengujian (rules of engagement) disepakati. 1.2 Alat uji keamanan jaringan (seperti port scanner/sniffer) disiapkan.,,,,,
Cyber Security Specialist,J.620900.022.01,Melakukan Pengujian Keamanan Jaringan (Network Security Testing),Mengeksekusi pengujian dan pelaporan,2.1 Celah keamanan pada protokol jaringan diidentifikasi melalui simulasi serangan. 2.2 Ketahanan tembok api (firewall) dan sistem deteksi diuji. 2.3 Laporan teknis hasil pengujian dan saran mitigasi disusun.,,,,,
Sales Operation,M.70MKT00.001.1,Melaksanakan Penjualan Produk,Mempersiapkan proses penjualan,1.1 Pengetahuan produk dikuasai. 1.2 Target penjualan dipahami. 1.3 Alat pendukung penjualan disiapkan.,,,,,
Sales Operation,M.70MKT00.001.1,Melaksanakan Penjualan Produk,Melakukan aktivitas penjualan,2.1 Prospek pelanggan diidentifikasi. 2.2 Pendekatan kepada pelanggan dilakukan. 2.3 Presentasi produk dilaksanakan sesuai prosedur.,,,,,
Sales Operation,M.70MKT00.002.1,Menangani Keberatan Pelanggan,Mengidentifikasi keberatan pelanggan,1.1 Keluhan atau keberatan pelanggan didengarkan dengan seksama. 1.2 Jenis keberatan diklasifikasikan.,,,,,
Sales Operation,M.70MKT00.002.1,Menangani Keberatan Pelanggan,Memberikan solusi atas keberatan,2.1 Penjelasan teknis diberikan untuk menjawab keberatan. 2.2 Kesepakatan solusi dicapai dengan pelanggan.,,,,,
Market Research,M.70MKT00.005.1,Melakukan Riset Pemasaran,Menentukan desain riset,1.1 Masalah pemasaran didefinisikan. 1.2 Tujuan riset ditetapkan. 1.3 Metode pengumpulan data ditentukan.,,,,,
Market Research,M.70MKT00.005.1,Melakukan Riset Pemasaran,Melaksanakan pengolahan data riset,2.1 Data lapangan dikumpulkan. 2.2 Data diolah menggunakan alat statistik. 2.3 Hasil analisis data diinterpretasikan menjadi informasi pemasaran.,,,,,
Brand Management,M.70MKT00.007.1,Mengelola Ekuitas Merek,Memantau performa merek,1.1 Kesadaran merek (brand awareness) diukur. 1.2 Persepsi kualitas merek dianalisis.,,,,,
Brand Management,M.70MKT00.007.1,Mengelola Ekuitas Merek,Melakukan penguatan ekuitas merek,2.1 Program loyalitas merek dirancang. 2.2 Asosiasi merek diperkuat melalui komunikasi pemasaran terpadu.,,,,,
Digital Marketing,M.70MKT00.009.1,Melakukan Pemasaran Digital,Merencanakan konten digital,1.1 Platform digital dipilih sesuai target audiens. 1.2 Kalender konten disusun. 1.3 Materi kreatif disiapkan.,,,,,
Digital Marketing,M.70MKT00.009.1,Melakukan Pemasaran Digital,Mengevaluasi kampanye digital,"2.1 Metrik performa (CTR, Engagement) dipantau. 2.2 Efektivitas kanal digital dibandingkan.",,,,,
Customer Service,M.70MKT00.012.1,Memberikan Layanan Prima,Membangun hubungan dengan pelanggan,1.1 Komunikasi dilakukan secara empati. 1.2 Kebutuhan pelanggan diidentifikasi dengan cepat.,,,,,
Customer Service,M.70MKT00.012.1,Memberikan Layanan Prima,Mengukur kepuasan pelanggan,2.1 Umpan balik pelanggan dikumpulkan. 2.2 Indeks kepuasan pelanggan dihitung.,,,,,
Product Development,M.70MKT00.015.1,Mengembangkan Produk Baru,Menemukan ide produk,1.1 Kesenjangan pasar diidentifikasi. 1.2 Konsep produk baru dirumuskan.,,,,,
Product Development,M.70MKT00.015.1,Mengembangkan Produk Baru,Melakukan uji coba pasar,2.1 Purwarupa produk diuji kepada kelompok terbatas. 2.2 Respon pasar dianalisis untuk penyempurnaan produk.,,,,,
Sales Management,M.70MKT00.018.1,Mengelola Tenaga Penjual,Merancang struktur organisasi penjualan,1.1 Alokasi wilayah penjualan ditentukan. 1.2 Kuota dan target per individu ditetapkan.,,,,,
Sales Management,M.70MKT00.018.1,Mengelola Tenaga Penjual,Melakukan pembinaan tenaga penjual,2.1 Pelatihan teknik penjualan diberikan. 2.2 Motivasi dan insentif diatur untuk mencapai target.,,,,,
Strategic Marketing,M.70MKT00.021.1,Menyusun Rencana Pemasaran,Menganalisis situasi pasar,1.1 Analisis SWOT dilakukan. 1.2 Analisis kompetitor dipetakan.,,,,,
Strategic Marketing,M.70MKT00.021.1,Menyusun Rencana Pemasaran,Menentukan strategi pemasaran,"2.1 STP (Segmenting, Targeting, Positioning) ditetapkan. 2.2 Bauran pemasaran (Marketing Mix) dirumuskan.",,,,,
Pricing Management,M.70MKT00.025.1,Menetapkan Harga Jual,Menganalisis biaya dan harga pesaing,1.1 Struktur biaya produksi diidentifikasi. 1.2 Harga pasar untuk produk sejenis dipantau.,,,,,
Pricing Management,M.70MKT00.025.1,Menetapkan Harga Jual,Menentukan metode penetapan harga,2.1 Strategi harga (skimming/penetration) dipilih. 2.2 Daftar harga final diterbitkan sesuai kebijakan perusahaan.,,,,,
Trade Marketing,M.70MKT00.026.1,Mengelola Saluran Distribusi,Menentukan jenis saluran distribusi,1.1 Kriteria pemilihan perantara distribusi ditetapkan. 1.2 Cakupan pasar dianalisis. 1.3 Struktur saluran distribusi dirancang.,,,,,
Trade Marketing,M.70MKT00.026.1,Mengelola Saluran Distribusi,Mengevaluasi kinerja anggota saluran,2.1 Target penjualan per saluran dipantau. 2.2 Konflik antar saluran diidentifikasi dan diselesaikan. 2.3 Standar pelayanan distribusi diperiksa.,,,,,
Marketing Comm.,M.70MKT00.027.1,Mengelola Komunikasi Pemasaran Terpadu,Merumuskan bauran promosi,"1.1 Tujuan komunikasi pemasaran ditetapkan. 1.2 Media promosi (iklan, PR, medsos) dipilih. 1.3 Anggaran promosi dialokasikan.",,,,,
Marketing Comm.,M.70MKT00.027.1,Mengelola Komunikasi Pemasaran Terpadu,Mengukur efektivitas komunikasi,2.1 Jangkauan (reach) dan frekuensi kampanye diukur. 2.2 Perubahan persepsi konsumen setelah kampanye dianalisis.,,,,,
CRM Specialist,M.70MKT00.028.1,Mengelola Manajemen Hubungan Pelanggan (CRM),Membangun database pelanggan,1.1 Data profil pelanggan dikumpulkan. 1.2 Sistem pengelolaan data (software CRM) dioperasikan. 1.3 Segmentasi pelanggan berdasarkan nilai (LTV) dibuat.,,,,,
CRM Specialist,M.70MKT00.028.1,Mengelola Manajemen Hubungan Pelanggan (CRM),Menjalankan program retensi,2.1 Strategi komunikasi personal dikembangkan. 2.2 Program penghargaan loyalitas dilaksanakan. 2.3 Tingkat peralihan pelanggan (churn rate) dipantau.,,,,,
Events & Promo,M.70MKT00.029.1,Mengelola Aktivitas Promosi Penjualan,Merancang mekanisme promosi,"1.1 Jenis promosi (diskon, kupon, bundling) ditentukan. 1.2 Periode dan batasan promosi ditetapkan.",,,,,
Events & Promo,M.70MKT00.029.1,Mengelola Aktivitas Promosi Penjualan,Mengawasi pelaksanaan promosi,2.1 Ketersediaan stok barang promosi dipastikan. 2.2 Dampak promosi terhadap volume penjualan dianalisis.,,,,,
Sales Analyst,M.70MKT00.030.1,Melakukan Analisis Penjualan,Mengolah data penjualan harian,1.1 Data penjualan divalidasi keakuratannya. 1.2 Laporan tren penjualan harian dan mingguan disusun.,,,,,
Sales Analyst,M.70MKT00.030.1,Melakukan Analisis Penjualan,Memberikan rekomendasi peningkatan,2.1 Kesenjangan antara target dan realisasi dianalisis. 2.2 Usulan perbaikan strategi penjualan diajukan kepada manajemen.,,,,,
Business Dev.,M.70MKT00.031.1,Melakukan Analisis Peluang Bisnis Baru,Mencari potensi pasar baru,1.1 Tren industri dan teknologi diidentifikasi. 1.2 Kelayakan ekspansi pasar dianalisis secara finansial.,,,,,
Business Dev.,M.70MKT00.032.1,Menyusun Strategi Kemitraan Bisnis,Menentukan mitra strategis,1.1 Kriteria calon mitra bisnis ditetapkan. 1.2 Profil dan reputasi calon mitra diverifikasi. 1.3 Bentuk kerja sama (MoU/PKS) dirumuskan.,,,,,
Penyelenggara Transfer Dana,K.64SPP01.001.1,Melaksanakan Penyelenggaraan Transfer Dana,Melakukan persiapan transaksi transfer dana,1.1 Identitas pengirim diverifikasi sesuai prosedur. 1.2 Dokumen pendukung transfer diperiksa keabsahannya. 1.3 Formulir pengiriman dana diisi dengan lengkap.,,,,,
Penyelenggara Transfer Dana,K.64SPP01.001.1,Melaksanakan Penyelenggaraan Transfer Dana,Memproses perintah transfer dana,2.1 Perintah transfer diinput ke dalam sistem. 2.2 Kecukupan dana pengirim dipastikan. 2.3 Nomor referensi transaksi diterbitkan sebagai bukti.,,,,,
Kasir/Teller,K.64SPP02.003.1,Melakukan Penanganan Uang Rupiah,Mengidentifikasi keaslian uang Rupiah,"1.1 Ciri-ciri keaslian uang Rupiah diperiksa (dilihat, diraba, diterawang). 1.2 Alat bantu deteksi uang palsu digunakan. 1.3 Uang yang diragukan keasliannya dipisahkan sesuai prosedur Bank Indonesia.",,,,,
Kasir/Teller,K.64SPP02.003.1,Melakukan Penanganan Uang Rupiah,Melakukan penghitungan uang Rupiah,2.1 Uang dihitung secara manual atau menggunakan mesin hitung. 2.2 Jumlah fisik uang dicocokkan dengan catatan transaksi. 2.3 Uang dikelompokkan berdasarkan denominasi dan emisi.,,,,,
Audit Internal,K.64SPP03.005.1,Melakukan Audit Operasional Sistem Pembayaran,Menyiapkan rencana audit,1.1 Objek audit operasional ditentukan. 1.2 Program kerja audit disusun berdasarkan tingkat risiko. 1.3 Jadwal pelaksanaan audit dikomunikasikan kepada auditee.,,,,,
Audit Internal,K.64SPP03.005.1,Melakukan Audit Operasional Sistem Pembayaran,Melaksanakan prosedur audit,2.1 Pengujian kepatuhan terhadap SOP dilakukan. 2.2 Bukti-bukti transaksi diperiksa secara sampling. 2.3 Temuan audit didokumentasikan dalam kertas kerja audit.,,,,,
Compliance Officer,K.64SPP04.002.1,Menerapkan Program APU dan PPT,Mengidentifikasi profil nasabah,"1.1 Data identitas nasabah dikumpulkan melalui prosedur CDD (Customer Due Diligence). 1.2 Pemilik manfaat (Beneficial Owner) diidentifikasi. 1.3 Tingkat risiko nasabah (rendah, sedang, tinggi) ditetapkan.",,,,,
Compliance Officer,K.64SPP04.002.1,Menerapkan Program APU dan PPT,Memantau transaksi keuangan mencurigakan,2.1 Transaksi yang tidak sesuai profil nasabah dideteksi. 2.2 Laporan Transaksi Keuangan Mencurigakan (LTKM) disusun. 2.3 Laporan dikirimkan ke PPATK melalui sistem yang tersedia.,,,,,
Operasional Kliring,K.64SPP01.008.1,Melaksanakan Pertukaran Data Kliring,Menyiapkan data kliring,1.1 Warkat debit/kredit dikumpulkan. 1.2 Data transaksi diinput ke dalam Sistem Kliring Nasional Bank Indonesia (SKNBI).,,,,,
Operasional Kliring,K.64SPP01.008.1,Melaksanakan Pertukaran Data Kliring,Menyelesaikan proses kliring,2.1 Hasil kliring (menang/kalah) dipantau pada terminal kliring. 2.2 Saldo rekening di Bank Indonesia dipastikan mencukupi untuk setelmen.,,,,,
Pengelola Kas (Cash in Transit),K.64SPP02.010.1,Melaksanakan Pengiriman Uang Tunai,Menyiapkan armada dan personel pengiriman,1.1 Kendaraan angkut uang dipastikan dalam kondisi layak dan aman. 1.2 Personel pengawalan dipastikan siap sesuai standar keamanan.,,,,,
Pengelola Kas (Cash in Transit),K.64SPP02.010.1,Melaksanakan Pengiriman Uang Tunai,Melakukan serah terima uang di lokasi tujuan,2.1 Berita acara serah terima ditandatangani kedua belah pihak. 2.2 Kondisi segel tas/kantong uang dipastikan masih utuh.,,,,,
Risk Management,K.64SPP03.012.1,Melakukan Manajemen Risiko Operasional,Mengidentifikasi kejadian risiko operasional,1.1 Database kejadian risiko (Loss Event Database) diperbarui. 1.2 Penyebab utama kegagalan sistem atau manusia diidentifikasi.,,,,,
Risk Management,K.64SPP03.012.1,Melakukan Manajemen Risiko Operasional,Melakukan pemantauan risiko,2.1 Key Risk Indicators (KRI) dipantau secara berkala. 2.2 Laporan profil risiko operasional disusun untuk komite manajemen risiko.,,,,,
IT Support Keuangan,K.64SPP01.015.1,Mengelola Infrastruktur Sistem Pembayaran,Melakukan pemeliharaan sistem,1.1 Perangkat keras server dipastikan berfungsi optimal. 1.2 Pembaruan patch keamanan sistem dilakukan secara rutin.,,,,,
IT Support Keuangan,K.64SPP01.015.1,Mengelola Infrastruktur Sistem Pembayaran,Menangani gangguan sistem (Troubleshooting),2.1 Laporan gangguan dari pengguna ditindaklanjuti. 2.2 Prosedur pemulihan bencana (Disaster Recovery) dijalankan jika terjadi kegagalan sistem total.,,,,,
Settlement Officer,K.64SPP01.020.1,Melakukan Setelmen Transaksi,Melakukan rekonsiliasi data transaksi,1.1 Data dari sistem front-end dicocokkan dengan laporan back-end. 1.2 Selisih transaksi (discrepancy) diidentifikasi penyebabnya.,,,,,
Settlement Officer,K.64SPP01.020.1,Melakukan Setelmen Transaksi,Melaksanakan penyelesaian akhir,2.1 Perintah pembukuan ke buku besar dilakukan. 2.2 Laporan harian setelmen disahkan oleh pejabat berwenang.,,,,,
Treasury Operations,K.64SPP01.025.1,Mengelola Likuiditas Harian,Memantau posisi saldo kas,1.1 Proyeksi arus kas masuk dan keluar harian dihitung. 1.2 Kecukupan likuiditas untuk memenuhi kewajiban segera dipastikan.,,,,,
Treasury Operations,K.64SPP01.025.1,Mengelola Likuiditas Harian,Melakukan penempatan kelebihan dana,2.1 Instrumen pasar uang jangka pendek dipilih. 2.2 Transaksi penempatan dana dilakukan melalui sistem yang disetujui.,,,,,
Operasional Sistem,K.64SPP01.031.1,Melaksanakan Monitoring Sistem Pembayaran,Melakukan pemantauan transaksi berjalan,1.1 Status antrian transaksi diperiksa pada dashboard. 1.2 Kelancaran arus data antar bank dipastikan. 1.3 Indikasi perlambatan sistem diidentifikasi sedini mungkin.,,,,,
Operasional Sistem,K.64SPP01.031.1,Melaksanakan Monitoring Sistem Pembayaran,Melaporkan hasil pemantauan,2.1 Laporan performa sistem harian disusun. 2.2 Insiden sistemik dilaporkan kepada pengawas sistem pembayaran.,,,,,
Layanan Pelanggan,K.64SPP01.033.1,Melakukan Penanganan Pengaduan Konsumen,Menerima pengaduan konsumen,1.1 Keluhan konsumen dicatat dalam sistem penanganan pengaduan. 1.2 Bukti-bukti transaksi yang diadukan dikumpulkan. 1.3 Nomor tiket pengaduan diberikan kepada konsumen.,,,,,
Layanan Pelanggan,K.64SPP01.033.1,Melakukan Penanganan Pengaduan Konsumen,Menyelesaikan pengaduan konsumen,2.1 Investigasi internal atas keluhan dilakukan. 2.2 Solusi atau jawaban diberikan kepada konsumen sesuai batas waktu (SLA). 2.3 Status pengaduan diperbarui menjadi selesai.,,,,,
Pengelolaan Uang,K.64SPP02.015.1,Melakukan Pemrosesan Uang Rupiah,Melakukan penyortiran uang Rupiah,1.1 Uang dipisahkan antara Uang Layak Edar (ULE) dan Uang Tidak Layak Edar (UTLE). 1.2 Uang rusak atau cacat dikategorikan untuk dimusnahkan. 1.3 Uang emisi lama dipisahkan dari emisi baru.,,,,,
Pengelolaan Uang,K.64SPP02.015.1,Melakukan Pemrosesan Uang Rupiah,Mengemas uang hasil sortiran,2.1 Uang diban/diikat sesuai standar jumlah. 2.2 Label pengepakan dipasang pada setiap bundel uang. 2.3 Data hasil pengolahan diinput ke sistem logistik uang.,,,,,
Audit Teknologi,K.64SPP03.018.1,Melakukan Audit Keamanan Informasi Sistem Pembayaran,Memeriksa akses log sistem,1.1 Daftar riwayat login administrator diperiksa. 1.2 Percobaan akses ilegal (unauthorized access) diidentifikasi.,,,,,
Audit Teknologi,K.64SPP03.018.1,Melakukan Audit Keamanan Informasi Sistem Pembayaran,Melakukan evaluasi kontrol enkripsi,2.1 Standar enkripsi data transaksi dipastikan sesuai regulasi. 2.2 Mekanisme pengelolaan kunci kriptografi diperiksa prosedurnya.,,,,,
Anti Fraud Officer,K.64SPP04.005.1,Melakukan Deteksi Fraud pada Transaksi Elektronik,Menganalisis pola transaksi mencurigakan,1.1 Parameter alarm fraud pada sistem pemantauan diatur. 1.2 Anomali frekuensi transaksi dalam waktu singkat diidentifikasi.,,,,,
Anti Fraud Officer,K.64SPP04.005.1,Melakukan Deteksi Fraud pada Transaksi Elektronik,Menindaklanjuti indikasi fraud,2.1 Pemblokiran sementara akun dilakukan sesuai prosedur keamanan. 2.2 Verifikasi langsung dilakukan kepada pemegang akun.,,,,,
Operasional Kartu,K.64SPP01.040.1,Mengelola Alat Pembayaran Menggunakan Kartu (APMK),Memproses penerbitan kartu baru,1.1 Data permohonan kartu divalidasi. 1.2 Personalisasi data pada chip kartu dilakukan. 1.3 Pengiriman kartu dan PIN dipastikan melalui jalur aman.,,,,,
Operasional Kartu,K.64SPP01.040.1,Mengelola Alat Pembayaran Menggunakan Kartu (APMK),Menangani penggantian kartu,2.1 Kartu rusak atau hilang diblokir secara permanen. 2.2 Pencetakan kartu pengganti diproses sesuai permintaan nasabah.,,,,,
Risk Analyst,K.64SPP03.022.1,Melakukan Manajemen Risiko Likuiditas,Menghitung rasio likuiditas,1.1 Proyeksi arus kas keluar neto (Net Cash Outflow) dihitung. 1.2 Posisi High Quality Liquid Assets (HQLA) dipantau.,,,,,
Risk Analyst,K.64SPP03.022.1,Melakukan Manajemen Risiko Likuiditas,Menyiapkan rencana pendanaan darurat,2.1 Sumber pendanaan cadangan (contingency funding) dipetakan. 2.2 Skenario stress test likuiditas dilakukan secara periodik.,,,,,
Legal/Compliance,K.64SPP04.010.1,Menelaah Kepatuhan Regulasi Sistem Pembayaran,Melakukan pemantauan regulasi baru,1.1 Peraturan Bank Indonesia terbaru diidentifikasi dampaknya. 1.2 Kebijakan internal disesuaikan dengan aturan baru.,,,,,
Legal/Compliance,K.64SPP04.010.1,Menelaah Kepatuhan Regulasi Sistem Pembayaran,Memberikan opini kepatuhan,2.1 Analisis hukum atas produk sistem pembayaran baru disusun. 2.2 Rekomendasi teknis diberikan agar operasional tidak melanggar aturan.,,,,,
Kasir ATM/CRM,K.64SPP02.022.1,Melakukan Pengisian Kas Mesin ATM/CRM,Menyiapkan kaset uang,1.1 Kaset ATM diisi dengan uang sesuai kapasitas. 1.2 Segel kaset dipasang dan nomor segel dicatat.,,,,,
Kasir ATM/CRM,K.64SPP02.022.1,Melakukan Pengisian Kas Mesin ATM/CRM,Melakukan rekonsiliasi sisa kas mesin,2.1 Sisa uang di dalam mesin dihitung kembali. 2.2 Laporan fisik mesin dicocokkan dengan data jurnal sistem elektronik.,,,,,
Business Analyst,K.64SPP01.050.1,Mengembangkan Produk Layanan Pembayaran Digital,Melakukan analisis kebutuhan pasar,1.1 Tren penggunaan QRIS atau e-wallet dianalisis. 1.2 Fitur yang dibutuhkan pengguna diidentifikasi melalui survei.,,,,,
Business Analyst,K.64SPP01.050.1,Mengembangkan Produk Layanan Pembayaran Digital,Merancang model bisnis layanan,2.1 Struktur biaya dan pendapatan (pricing model) ditentukan. 2.2 Skema kerja sama dengan pihak ketiga (merchant/aggregator) disusun.,,,,,
Risk Analyst,K.64SPP03.023.1,Melakukan Manajemen Risiko Kredit,Mengidentifikasi eksposur risiko kredit,1.1 Kualitas aset produktif dipantau. 1.2 Konsentrasi penyaluran dana dianalisis per sektor. 1.3 Potensi kegagalan bayar lawan transaksi diidentifikasi.,,,,,
Risk Analyst,K.64SPP03.023.1,Melakukan Manajemen Risiko Kredit,Menetapkan limit risiko kredit,2.1 Batas maksimum penyaluran dana ditentukan. 2.2 Agunan atau jaminan dievaluasi kecukupannya.,,,,,
Business Continuity,K.64SPP03.025.1,Mengelola Rencana Kelangsungan Bisnis,Menyusun strategi pemulihan,1.1 Analisis Dampak Bisnis (BIA) dilakukan. 1.2 Prosedur pemulihan layanan kritis ditetapkan. 1.3 Lokasi kerja cadangan (DRC) disiapkan.,,,,,
Business Continuity,K.64SPP03.025.1,Mengelola Rencana Kelangsungan Bisnis,Menguji coba rencana kelangsungan bisnis,2.1 Simulasi gangguan sistem dilakukan secara rutin. 2.2 Efektivitas prosedur pemulihan dievaluasi pasca uji coba.,,,,,
Penyelenggara QRIS,K.64SPP01.062.1,Mengelola Transaksi Pembayaran Berbasis QR Code,Melakukan on-boarding merchant,1.1 Kelengkapan dokumen legalitas merchant diverifikasi. 1.2 Kategori merchant (MSME/Regular) ditentukan sesuai kriteria. 1.3 Kode QR (Merchant ID) diterbitkan.,,,,,
Penyelenggara QRIS,K.64SPP01.062.1,Mengelola Transaksi Pembayaran Berbasis QR Code,Melakukan rekonsiliasi transaksi QR,2.1 Data transaksi dari sistem switching dicocokkan dengan saldo bank. 2.2 Dana diteruskan ke rekening merchant tepat waktu.,,,,,
IT Security,K.64SPP01.018.1,Mengelola Keamanan Infrastruktur SP,Menerapkan kontrol akses fisik dan logik,1.1 Hak akses server dibatasi hanya untuk personel berwenang. 1.2 Sistem logging aktivitas administrator diaktifkan. 1.3 Kata sandi (password) diperbarui secara berkala.,,,,,
IT Security,K.64SPP01.018.1,Mengelola Keamanan Infrastruktur SP,Melakukan pemantauan serangan siber,2.1 Intrusion Detection System (IDS) dipantau secara real-time. 2.2 Laporan upaya peretasan didokumentasikan untuk investigasi.,,,,,
Layanan Syariah,K.64SPP01.070.1,Menerapkan Prinsip Syariah pada Sistem Pembayaran,Memastikan kepatuhan syariah pada produk,"1.1 Akad yang digunakan dipastikan bebas dari Riba, Gharar, dan Maysir. 1.2 Fatwa DSN-MUI terkait sistem pembayaran dipedomani.",,,,,
Layanan Syariah,K.64SPP01.070.1,Menerapkan Prinsip Syariah pada Sistem Pembayaran,Melakukan review aspek syariah berkala,2.1 Alur transaksi produk diuji kesesuaiannya dengan akad. 2.2 Laporan hasil pengawasan syariah disusun untuk manajemen.,,,,,
Customer Support,K.64SPP01.035.1,Memberikan Layanan Edukasi Konsumen,Menyusun materi literasi keuangan,1.1 Panduan keamanan bertransaksi digital disiapkan. 1.2 Informasi hak dan kewajiban konsumen disusun dengan bahasa sederhana.,,,,,
Customer Support,K.64SPP01.035.1,Memberikan Layanan Edukasi Konsumen,Melaksanakan kegiatan sosialisasi,2.1 Sosialisasi dilakukan melalui kanal digital maupun tatap muka. 2.2 Tingkat pemahaman konsumen diukur melalui kuesioner.,,,,,
Data Analyst,K.64SPP01.080.1,Mengelola Data Transaksi Sistem Pembayaran,Melakukan pengolahan data statistik transaksi,1.1 Data volume dan nilai transaksi harian dikumpulkan. 1.2 Tren pertumbuhan transaksi non-tunai dianalisis.,,,,,
Data Analyst,K.64SPP01.080.1,Mengelola Data Transaksi Sistem Pembayaran,Menyusun laporan manajerial,2.1 Visualisasi data disusun dalam bentuk dashboard. 2.2 Ringkasan eksekutif performa sistem pembayaran disajikan.,,,,,
Vault Officer,K.64SPP02.025.1,Mengelola Penyimpanan Uang Tunai di Khazanah,Melakukan penataan uang di dalam khazanah,1.1 Uang disusun berdasarkan denominasi dan kondisi (ULE/UTLE). 1.2 Kapasitas tampung khazanah dipantau agar tetap aman.,,,,,
Vault Officer,K.64SPP02.025.1,Mengelola Penyimpanan Uang Tunai di Khazanah,Menjaga keamanan ruang khazanah,2.1 Dual control (dua pemegang kunci) diterapkan setiap masuk ruang. 2.2 Suhu dan kelembapan ruangan dijaga agar uang tidak rusak.,,,,,
Logistik Uang,K.64SPP02.030.1,Mengelola Distribusi Uang Rupiah,Merencanakan jadwal distribusi,1.1 Kebutuhan uang tunai di daerah tujuan diprediksi. 1.2 Rute distribusi yang paling aman dan efisien ditentukan.,,,,,
Logistik Uang,K.64SPP02.030.1,Mengelola Distribusi Uang Rupiah,Melaksanakan proses loading/unloading,2.1 Jumlah bundel uang diperiksa saat masuk kendaraan. 2.2 Berita acara distribusi ditandatangani oleh petugas pengawal.,,,,,
Legal Officer,K.64SPP04.015.1,Menyusun Perjanjian Kerja Sama (PKS),Merancang klausul perjanjian,1.1 Ruang lingkup kerja sama dengan mitra teknis didefinisikan. 1.2 Klausul kerahasiaan data (NDA) dimasukkan dalam draf.,,,,,
Legal Officer,K.64SPP04.015.1,Menyusun Perjanjian Kerja Sama (PKS),Melakukan negosiasi kontrak,2.1 Perbedaan pandangan hukum dengan mitra diselesaikan. 2.2 Dokumen final PKS ditandatangani oleh pejabat berwenang.,,,,,
E-Wallet Admin,K.64SPP01.085.1,Mengelola Operasional Uang Elektronik,Memantau saldo mengendap (Floating Fund),1.1 Saldo dana pengguna dihitung setiap hari. 1.2 Penempatan dana pada bank yang disetujui dipastikan sesuai aturan.,,,,,
E-Wallet Admin,K.64SPP01.085.1,Mengelola Operasional Uang Elektronik,Menangani pengembalian dana (Refund),2.1 Validasi klaim kegagalan transaksi dilakukan. 2.2 Proses pengembalian saldo ke akun pengguna dijalankan.,,,,,
Remittance Clerk,K.64SPP01.090.1,Melakukan Layanan Kiriman Uang Luar Negeri,Melakukan pengecekan sanksi internasional,1.1 Nama pengirim dan penerima diperiksa terhadap daftar cekal (UN List). 1.2 Transaksi dari negara berisiko tinggi (FATF list) dianalisis.,,,,,
Remittance Clerk,K.64SPP01.090.1,Melakukan Layanan Kiriman Uang Luar Negeri,Menginformasikan biaya koresponden,2.1 Biaya bank perantara (ben-deduct) dijelaskan kepada nasabah. 2.2 Estimasi waktu dana sampai di negara tujuan diinformasikan.,,,,,
Internal Auditor,K.64SPP03.030.1,Melakukan Audit Kepatuhan Anti Pencucian Uang,Mengevaluasi sistem scoring risiko nasabah,1.1 Bobot kriteria risiko nasabah diperiksa logikanya. 1.2 Ketepatan penetapan status PEP (Politically Exposed Person) divalidasi.,,,,,
Internal Auditor,K.64SPP03.030.1,Melakukan Audit Kepatuhan Anti Pencucian Uang,Meninjau laporan ke PPATK,2.1 Kelengkapan Laporan Transaksi Tunai (LTT) diverifikasi. 2.2 Ketepatan waktu pengiriman laporan ke otoritas dipastikan.,,,,,
Network Admin,K.64SPP01.095.1,Mengelola Jaringan Komunikasi Data Keuangan,Konfigurasi jalur komunikasi tertutup (VPN),1.1 Jalur komunikasi terenkripsi antar kantor cabang dibangun. 1.2 Performa latensi jaringan dipantau agar transaksi tidak timeout.,,,,,
Network Admin,K.64SPP01.095.1,Mengelola Jaringan Komunikasi Data Keuangan,Mengelola redundancy link,2.1 Jalur koneksi cadangan (backup link) disiapkan. 2.2 Failover otomatis diuji coba secara berkala.,,,,,
Finance Officer,K.64SPP01.100.1,Melakukan Pembayaran Pajak Transaksi,Menghitung pajak atas biaya administrasi,1.1 Pajak Pertambahan Nilai (PPN) atas fee transaksi dihitung. 1.2 Bukti potong pajak disiapkan bagi mitra bisnis.,,,,,
Finance Officer,K.64SPP01.100.1,Melakukan Pembayaran Pajak Transaksi,Melaporkan setoran pajak,2.1 Data pajak diunggah ke sistem e-faktur otoritas pajak. 2.2 SSP (Surat Setoran Pajak) disimpan sebagai arsip akuntansi.,,,,,
Penyelenggara Kliring,K.64SPP01.042.1,Melaksanakan Kliring Berjadwal,Melakukan validasi pesan kliring,1.1 Pesan kliring yang masuk diperiksa kelengkapan formatnya. 1.2 Saldo peserta kliring dipastikan cukup untuk proses setelmen.,,,,,
Penyelenggara Kliring,K.64SPP01.042.1,Melaksanakan Kliring Berjadwal,Menghasilkan laporan posisi kliring,2.1 Hasil perhitungan kewajiban antar bank diterbitkan. 2.2 Laporan rekapitulasi harian dikirimkan kepada peserta kliring.,,,,,
Officer Penagihan,K.64SPP01.045.1,Mengelola Penagihan Transaksi Gagal,Mengidentifikasi penyebab gagal setelmen,1.1 Transaksi yang tidak terselesaikan (pending) ditarik datanya. 1.2 Kesalahan teknis atau kekurangan dana diidentifikasi.,,,,,
Officer Penagihan,K.64SPP01.045.1,Mengelola Penagihan Transaksi Gagal,Melakukan rekonsiliasi piutang,2.1 Konfirmasi penagihan dikirimkan kepada bank lawan. 2.2 Dana pengganti dipastikan masuk ke rekening penampung.,,,,,
Security Guard,K.64SPP02.040.1,Melakukan Pengawalan Uang Tunai,Melakukan pemeriksaan keamanan rute,1.1 Rute pengiriman dianalisis potensi kerawanannya. 1.2 Jalur alternatif disiapkan jika terjadi hambatan di jalur utama.,,,,,
Security Guard,K.64SPP02.040.1,Melakukan Pengawalan Uang Tunai,Melaksanakan prosedur tanggap darurat,2.1 Tindakan perlindungan dilakukan jika terjadi upaya perampokan. 2.2 Komunikasi dengan pusat komando (command center) dijaga selama insiden.,,,,,
Quality Control,K.64SPP02.045.1,Melakukan Kontrol Kualitas Uang Rupiah,Memeriksa spesifikasi uang baru,1.1 Kualitas cetak dan warna uang diperiksa kesesuaiannya dengan standar. 1.2 Unsur pengaman (security features) dipastikan berfungsi.,,,,,
Quality Control,K.64SPP02.045.1,Melakukan Kontrol Kualitas Uang Rupiah,Mengelola uang hasil sortir mesin,2.1 Akurasi mesin sortir uang dipantau secara periodik. 2.2 Sampel uang layak edar diuji ketahanannya secara fisik.,,,,,
Merchant Relation,K.64SPP01.055.1,Mengelola Layanan Merchant,Melakukan edukasi penggunaan mesin EDC,1.1 Petugas merchant dilatih cara memproses transaksi. 1.2 Prosedur penanganan kartu tertelan dijelaskan kepada merchant.,,,,,
Merchant Relation,K.64SPP01.055.1,Mengelola Layanan Merchant,Memproses klaim chargeback merchant,2.1 Dokumen sanggahan transaksi dikumpulkan dari merchant. 2.2 Investigasi dilakukan untuk menentukan validitas transaksi.,,,,,
IT Network,K.64SPP01.060.1,Mengelola Konektivitas Antar Bank,Melakukan konfigurasi router jaringan,1.1 Protokol routing diatur untuk efisiensi pengiriman data. 1.2 Firewall diatur untuk mengizinkan trafik dari alamat IP yang dikenal.,,,,,
IT Network,K.64SPP01.060.1,Mengelola Konektivitas Antar Bank,Menangani masalah latensi tinggi,2.1 Analisis trafik dilakukan menggunakan network analyzer. 2.2 Bandwidth disesuaikan untuk mencegah kemacetan data transaksi.,,,,,
Business Strategist,K.64SPP03.040.1,Melakukan Analisis Strategi Bisnis SP,Melakukan benchmarking kompetitor,1.1 Fitur layanan pembayaran pesaing dipetakan. 1.2 Keunggulan kompetitif produk internal dianalisis.,,,,,
Business Strategist,K.64SPP03.040.1,Melakukan Analisis Strategi Bisnis SP,Menyusun proyeksi pertumbuhan bisnis,2.1 Target jumlah pengguna dan volume transaksi ditetapkan. 2.2 Rencana pemasaran terintegrasi disusun untuk mencapai target.,,,,,
Treasury Officer,K.64SPP01.065.1,Mengelola Penempatan Dana di Bank Sentral,Memonitor saldo Giro di Bank Indonesia,1.1 Saldo harian di rekening RTGS dipantau. 1.2 Kecukupan dana untuk Giro Wajib Minimum (GWM) dipastikan.,,,,,
Treasury Officer,K.64SPP01.065.1,Mengelola Penempatan Dana di Bank Sentral,Melakukan transaksi pasar uang antar bank,2.1 Kebutuhan dana jangka pendek (overnight) dipenuhi melalui pinjaman interbank. 2.2 Penempatan dana surplus dilakukan untuk optimalisasi profit.,,,,,
Logistik,K.64SPP02.050.1,Mengelola Inventori Perlengkapan Kas,Mengelola stok segel dan kantong uang,1.1 Persediaan segel plastik bernomor seri dipantau. 1.2 Kantong uang yang rusak dipisahkan dari persediaan.,,,,,
Logistik,K.64SPP02.050.1,Mengelola Inventori Perlengkapan Kas,Mendistribusikan perlengkapan ke cabang,2.1 Permintaan perlengkapan kas dari cabang divalidasi. 2.2 Pengiriman barang dilakukan dengan dokumen tanda terima.,,,,,
Risk Auditor,K.64SPP03.045.1,Melakukan Audit Risiko Reputasi,Mengidentifikasi pemberitaan negatif,1.1 Sentimen media sosial terkait layanan sistem pembayaran dipantau. 1.2 Keluhan publik yang viral diidentifikasi dampaknya terhadap citra perusahaan.,,,,,
Risk Auditor,K.64SPP03.045.1,Melakukan Audit Risiko Reputasi,Menyusun strategi mitigasi krisis,2.1 Prosedur komunikasi krisis (Crisis Communication) disiapkan. 2.2 Laporan evaluasi kepercayaan nasabah disusun secara berkala.,,,,,
App Developer,K.64SPP01.075.1,Mengelola Keamanan Kode Aplikasi SP,Melakukan pengujian penetrasi (Pen-Test),1.1 Kerentanan pada aplikasi mobile banking diidentifikasi. 1.2 Celah keamanan SQL Injection dan XSS diuji kekuatannya.,,,,,
App Developer,K.64SPP01.075.1,Mengelola Keamanan Kode Aplikasi SP,Menerapkan enkripsi pada level aplikasi,2.1 Algoritma enkripsi kuat diimplementasikan pada data sensitif nasabah. 2.2 Pengelolaan token keamanan diatur untuk akses API.,,,,,
Operational Manager,K.64SPP04.020.1,Mengelola Etika Bisnis Sistem Pembayaran,Menyusun panduan kode etik karyawan,1.1 Standar perilaku profesional di unit sistem pembayaran dirumuskan. 1.2 Larangan gratifikasi dan benturan kepentingan ditegaskan.,,,,,
Operational Manager,K.64SPP04.020.1,Mengelola Etika Bisnis Sistem Pembayaran,Melakukan pengawasan integritas,2.1 Pelanggaran kode etik ditindaklanjuti sesuai peraturan perusahaan. 2.2 Sosialisasi pakta integritas dilakukan kepada seluruh staf operasional.,,,,,
Customer Experience,K.64SPP01.082.1,Mengelola Antarmuka Layanan Pembayaran,Menganalisis kemudahan navigasi aplikasi,1.1 Feedback pengguna mengenai UI/UX aplikasi dikumpulkan. 1.2 Kecepatan proses transaksi dari klik hingga selesai diukur.,,,,,
Customer Experience,K.64SPP01.082.1,Mengelola Antarmuka Layanan Pembayaran,Melakukan pembaruan desain layanan,2.1 Fitur baru ditambahkan berdasarkan kebutuhan pengguna. 2.2 Tampilan visual diperbarui agar lebih intuitif dan modern.,,,,,
Asset Manager,K.64SPP02.055.1,Melakukan Pemeliharaan Mesin Pengolah Uang,Melaksanakan perawatan rutin mesin,1.1 Pembersihan sensor dan mekanik mesin hitung dilakukan. 1.2 Kalibrasi sensor deteksi uang palsu diperiksa.,,,,,
Asset Manager,K.64SPP02.055.1,Melakukan Pemeliharaan Mesin Pengolah Uang,Mengelola suku cadang mesin,2.1 Daftar kebutuhan suku cadang (spare parts) disusun. 2.2 Kerja sama dengan vendor pemeliharaan diawasi performanya.,,,,,
Reporting Officer,K.64SPP01.092.1,Melaporkan Data Transaksi ke Regulator,Memvalidasi data laporan berkala,1.1 Angka volume dan nilai transaksi dicocokkan dengan sistem internal. 1.2 Kesalahan input data dideteksi sebelum pengiriman laporan.,,,,,
Reporting Officer,K.64SPP01.092.1,Melaporkan Data Transaksi ke Regulator,Mengirimkan laporan via aplikasi regulator,2.1 Laporan diunggah ke sistem pelaporan Bank Indonesia tepat waktu. 2.2 Tanda terima laporan disimpan sebagai bukti kepatuhan.,,,,,
Insinyur Elektro,M.71IEN00.001.1,Melaksanakan Praktik Keinsinyuran dengan Etika dan Profesionalisme,Mematuhi kode etik insinyur dan Mengelola tanggung jawab profesional.,1.1 Kode etik keinsinyuran dipahami sesuai standar profesi. 1.2 Integritas dalam bekerja dijaga. 2.1 Kepentingan publik diutamakan dalam setiap keputusan teknis. 2.2 Pengembangan kompetensi berkelanjutan dilakukan.,,,,,
Insinyur Elektro,M.71IEN00.002.1,Melakukan Komunikasi Teknis yang Efektif,Menyusun laporan teknis dan Melakukan presentasi teknis.,1.1 Dokumen spesifikasi disusun dengan bahasa teknis yang benar. 1.2 Laporan kemajuan proyek dibuat periodik. 2.1 Gagasan teknis dipresentasikan kepada pemangku kepentingan.,,,,,
Insinyur Elektro,M.71IEN00.003.1,Menerapkan Prinsip K3LL di Tempat Kerja,Mengidentifikasi potensi bahaya dan Melaksanakan prosedur keselamatan kerja.,1.1 Analisis risiko lingkungan kerja dilakukan. 1.2 APD digunakan sesuai standar. 2.1 Prosedur keadaan darurat dipatuhi. 2.2 Dampak lingkungan dari proyek elektro diminimalisir.,,,,,
Insinyur Elektro,M.71IEN00.004.1,Melakukan Perencanaan Sistem Tenaga Listrik,Menganalisis kebutuhan beban dan Merancang konfigurasi jaringan.,1.1 Profil beban harian dihitung. 1.2 Pertumbuhan beban masa depan diprediksi. 2.1 Diagram satu garis (single line diagram) dirancang. 2.2 Proteksi sistem ditentukan.,,,,,
Insinyur Elektro,M.71IEN00.005.1,Melakukan Desain Instalasi Listrik Industri,Menentukan spesifikasi peralatan dan Membuat gambar rancangan.,1.1 Kapasitas transformator dan kabel dipilih sesuai beban industri. 1.2 Motor control center (MCC) dirancang. 2.1 Layout peralatan dibuat. 2.2 Jadwal kabel disusun.,,,,,
Insinyur Elektro,M.71IEN00.006.1,Menerapkan Sistem Kontrol dan Automasi,Merancang logika kontrol dan Mengintegrasikan komponen automasi.,1.1 Algoritma kontrol PLC/DCS disusun. 1.2 HMI dirancang untuk monitoring. 2.1 Sensor dan aktuator dipilih sesuai parameter proses. 2.2 Jaringan komunikasi data industri dikonfigurasi.,,,,,
Insinyur Elektro,M.71IEN00.007.1,Melakukan Analisis Aliran Daya dan Hubung Singkat,Melakukan pemodelan sistem dan Mengevaluasi hasil simulasi.,1.1 Data parameter peralatan diinput ke perangkat lunak simulasi. 2.1 Drop tegangan dianalisis. 2.2 Arus hubung singkat dihitung untuk setting proteksi.,,,,,
Insinyur Elektro,M.71IEN00.008.1,Merancang Sistem Proteksi Tenaga Listrik,Menentukan koordinasi proteksi dan Memilih gawai proteksi.,1.1 Kurva koordinasi relai dibuat. 2.1 Pemutus tenaga (Circuit Breaker) dipilih sesuai rating. 2.2 Sistem pentanahan (grounding) dirancang.,,,,,
Insinyur Elektro,M.71IEN00.009.1,Melakukan Studi Kelayakan Proyek Elektro,Melakukan analisis teknis dan Melakukan analisis ekonomi.,1.1 Ketersediaan teknologi dievaluasi. 2.1 Biaya investasi (CAPEX) dan operasional (OPEX) dihitung. 2.2 Nilai NPV dan IRR dianalisis.,,,,,
Insinyur Elektro,M.71IEN00.010.1,Mengelola Manajemen Proyek Teknik Elektro,Menyusun jadwal pelaksanaan dan Melakukan pengawasan sumber daya.,1.1 WBS proyek dibuat. 1.2 Kurva S dipantau. 2.1 Kebutuhan material dan tenaga kerja dikoordinasikan. 2.2 Anggaran proyek dikendalikan.,,,,,
Insinyur Elektro,M.71IEN00.011.1,Melakukan Pengadaan Barang dan Jasa Teknik,Menyusun dokumen tender dan Melakukan evaluasi penawaran.,1.1 Spesifikasi teknis (RKS) disusun. 2.1 Klarifikasi teknis dilakukan dengan vendor. 2.2 Penilaian teknis dan harga diberikan secara objektif.,,,,,
Insinyur Elektro,M.71IEN00.012.1,Melaksanakan Supervisi Konstruksi Elektro,Memeriksa kesesuaian lapangan dan Menyetujui metode kerja.,1.1 Pemasangan peralatan dipastikan sesuai gambar desain. 2.1 Prosedur instalasi vendor diperiksa. 2.2 Kendala teknis di lapangan diselesaikan melalui instruksi lapangan.,,,,,
Insinyur Elektro,M.71IEN00.013.1,Melakukan Testing dan Commissioning Sistem,Melakukan uji individu alat dan Melakukan uji fungsi sistem terintegrasi.,1.1 Uji tahanan isolasi dan kontinuitas dilakukan. 2.1 Sistem diuji coba dalam kondisi beban. 2.2 Berita Acara Commissioning disusun.,,,,,
Insinyur Elektro,M.71IEN00.014.1,Mengelola Operasi Sistem Tenaga Listrik,Mengatur pembebanan dan Menjaga kualitas daya.,1.1 Pengaturan jadwal pembangkitan dilakukan. 2.1 Frekuensi dan tegangan dijaga dalam batas toleransi. 2.2 Manuver jaringan dilakukan saat gangguan.,,,,,
Insinyur Elektro,M.71IEN00.015.1,Melakukan Pemeliharaan Peralatan Listrik,Menyusun program pemeliharaan dan Menganalisis hasil pemeliharaan.,1.1 Jadwal preventif dan prediktif dibuat. 2.1 Riwayat kerusakan alat dianalisis. 2.2 Tindakan perbaikan (corrective) ditentukan.,,,,,
Insinyur Elektro,M.71IEN00.016.1,Melakukan Audit Energi,Mengukur penggunaan energi dan Memberikan rekomendasi efisiensi.,1.1 Pengukuran konsumsi listrik dilakukan di titik beban utama. 2.1 Peluang hemat energi (PHE) diidentifikasi. 2.2 Analisis biaya manfaat efisiensi energi disusun.,,,,,
Insinyur Elektro,M.71IEN00.017.1,Menerapkan Standar dan Regulasi Ketenagalistrikan,Menelaah regulasi terbaru dan Memastikan kepatuhan desain.,"1.1 Standar PUIL, IEC, atau ANSI dipatuhi. 2.1 Peraturan pemerintah tentang keselamatan ketenagalistrikan diterapkan.",,,,,
Insinyur Elektro,M.71IEN00.018.1,Merancang Sistem Energi Terbarukan,Menganalisis potensi sumber energi dan Merancang sistem konversi energi.,1.1 Potensi matahari/angin/air dipetakan. 2.1 Sistem interkoneksi ke jala-jala listrik (grid) dirancang. 2.2 Penyimpanan energi (baterai) dikonfigurasi.,,,,,
Insinyur Elektro,M.71IEN00.019.1,Menggunakan Perangkat Lunak Teknik Elektro,Mengoperasikan software desain dan Mengelola data teknis digital.,1.1 Software CAD atau pemodelan sistem digunakan secara mahir. 2.1 Integritas data desain digital dijaga.,,,,,
Insinyur Elektro,M.71IEN00.020.1,Mengelola Rantai Pasok Keinsinyuran,Mengevaluasi rantai pasokan dan Mengelola hubungan vendor.,1.1 Strategi pembelian material utama disusun. 1.2 Sistem evaluasi efektivitas pasokan diterapkan. 2.1 Kerjasama kolaboratif dengan mitra teknis dijalankan.,,,,,
Insinyur Teknik Industri,M.71IEN01.001.1,Melaksanakan Praktik Keinsinyuran dengan Etika dan Profesionalisme,Mematuhi kode etik insinyur profesional,1.1 Kode etik keinsinyuran dipahami sesuai standar organisasi profesi. 1.2 Integritas dalam praktik profesional dijaga secara konsisten.,,,,,
Insinyur Teknik Industri,M.71IEN01.002.1,Melakukan Komunikasi Teknis yang Efektif,Menyusun laporan teknis keinsinyuran,1.1 Struktur laporan disusun sesuai standar teknis. 1.2 Informasi teknis disajikan dengan akurat dan mudah dipahami.,,,,,
Insinyur Teknik Industri,M.71IEN01.003.1,Menerapkan Prinsip K3LL di Tempat Kerja,Mengelola risiko keselamatan dan kesehatan kerja,1.1 Bahaya di tempat kerja diidentifikasi secara dini. 1.2 Prosedur mitigasi risiko K3 diterapkan sesuai regulasi yang berlaku.,,,,,
Industrial Engineer,M.71IEN01.004.1,Melakukan Analisis dan Perancangan Sistem Kerja,Melakukan pengukuran kerja,1.1 Metode pengukuran kerja dipilih berdasarkan karakteristik pekerjaan. 1.2 Waktu standar ditetapkan untuk mengoptimalkan produktivitas.,,,,,
Industrial Engineer,M.71IEN01.004.1,Melakukan Analisis dan Perancangan Sistem Kerja,Merancang tata letak fasilitas (Plant Layout),2.1 Aliran material dianalisis untuk efisiensi perpindahan. 2.2 Penempatan mesin dan stasiun kerja dirancang secara ergonomis.,,,,,
Industrial Engineer,M.71IEN01.005.1,Melakukan Perencanaan dan Pengendalian Produksi,Menyusun rencana produksi induk (Master Production Schedule),1.1 Kapasitas produksi dihitung berdasarkan ketersediaan sumber daya. 1.2 Jadwal produksi disusun sesuai dengan target permintaan pasar.,,,,,
Industrial Engineer,M.71IEN01.006.1,Mengelola Manajemen Kualitas,Menerapkan pengendalian kualitas statistik,1.1 Parameter kualitas produk ditentukan. 1.2 Alat kendali statistik (control chart) digunakan untuk memantau variasi proses.,,,,,
Industrial Engineer,M.71IEN01.006.1,Mengelola Manajemen Kualitas,Melakukan perbaikan berkelanjutan (Continuous Improvement),2.1 Akar penyebab masalah kualitas dianalisis. 2.2 Tindakan korektif dan preventif diimplementasikan untuk mengurangi produk cacat.,,,,,
Industrial Engineer,M.71IEN01.007.1,Melakukan Analisis Ekonomi Teknik,Melakukan evaluasi kelayakan finansial,"1.1 Arus kas proyek diestimasi dengan cermat. 1.2 Parameter ekonomi seperti NPV, IRR, dan Payback Period dihitung untuk pengambilan keputusan.",,,,,
Industrial Engineer,M.71IEN01.008.1,Mengelola Rantai Pasok (Supply Chain),Mengoptimalkan manajemen inventori,1.1 Level stok minimum dan maksimum ditentukan. 1.2 Kebijakan pemesanan kembali (reorder point) diterapkan untuk mencegah kekurangan stok.,,,,,
Industrial Engineer,M.71IEN01.009.1,Merancang Sistem Informasi Industri,Mengidentifikasi kebutuhan sistem informasi,1.1 Kebutuhan data operasional dipetakan. 1.2 Aliran informasi antar departemen didokumentasikan dalam diagram alir.,,,,,
Industrial Engineer,M.71IEN01.010.1,Melakukan Pemodelan dan Simulasi Sistem,Membangun model simulasi sistem,1.1 Logika sistem diterjemahkan ke dalam parameter model. 1.2 Validasi dan verifikasi model dilakukan terhadap data riil di lapangan.,,,,,
Industrial Engineer,M.71IEN01.011.1,Mengelola Proyek Teknik Industri,Melakukan perencanaan jadwal proyek,1.1 Aktivitas proyek diidentifikasi menggunakan WBS. 1.2 Jalur kritis (Critical Path Method) ditentukan untuk memastikan proyek tepat waktu.,,,,,
Insinyur Profesional,M.71IEN01.012.1,Menerapkan Manajemen Inovasi dan Teknologi,Melakukan penilaian teknologi,1.1 Kesiapan teknologi (TRL) dievaluasi. 1.2 Potensi penerapan teknologi baru untuk efisiensi operasional dianalisis.,,,,,
Insinyur Profesional,M.71IEN01.013.1,Melakukan Strategi Organisasi dan Bisnis,Menyusun analisis SWOT organisasi,1.1 Faktor internal dan eksternal organisasi dipetakan. 1.2 Strategi pengembangan bisnis dirumuskan berdasarkan posisi pasar.,,,,,
Industrial Engineer,M.71IEN01.014.1,Melakukan Perancangan Produk,Mengembangkan konsep produk baru,1.1 Spesifikasi teknis produk disusun berdasarkan kebutuhan konsumen. 1.2 Desain purwarupa diuji fungsinya sebelum produksi massal.,,,,,
Industrial Engineer,M.71IEN01.015.1,Melakukan Pengelolaan Logistik,Mengelola sistem pergudangan,1.1 Prosedur penerimaan dan pengeluaran barang diatur. 1.2 Efisiensi ruang gudang dioptimalkan melalui sistem penyimpanan yang tepat.,,,,,
Industrial Engineer,M.71IEN01.016.1,Mengelola Fasilitas Industri,Merencanakan pemeliharaan fasilitas,1.1 Jadwal perawatan preventif disusun untuk mencegah kerusakan mesin. 1.2 Riwayat kerusakan fasilitas didokumentasikan untuk evaluasi kinerja.,,,,,
Industrial Engineer,M.71IEN01.017.1,Melaksanakan Ergonomi di Lingkungan Kerja,Menilai beban kerja fisik dan mental,"1.1 Kondisi lingkungan kerja (pencahayaan, kebisingan) diukur. 1.2 Postur kerja karyawan dianalisis untuk mencegah cedera otot rangka.",,,,,
Insinyur Teknik Industri,M.71IEN01.018.1,Mengelola Sumber Daya Manusia Teknik,Melakukan penilaian kinerja tim teknis,1.1 Indikator kinerja utama (KPI) ditetapkan untuk tim. 1.2 Evaluasi hasil kerja dilakukan secara objektif untuk pengembangan kompetensi.,,,,,
Env. Specialist,B.06SML00.001.1,Mengidentifikasi Aspek dan Dampak Lingkungan,Menentukan aspek lingkungan dan Mengevaluasi dampak lingkungan.,1.1 Kegiatan organisasi diinventarisasi. 1.2 Unsur kegiatan yang berinteraksi dengan lingkungan diidentifikasi. 2.1 Signifikansi dampak dinilai berdasarkan kriteria. 2.2 Prioritas penanganan dampak disusun.,,,,,
Env. Specialist,B.06SML00.002.1,Menentukan Kewajiban Penaatan Lingkungan,Mengidentifikasi peraturan dan Mengevaluasi kepatuhan.,1.1 Peraturan lingkungan hidup diinventarisasi. 1.2 Persyaratan relevan diidentifikasi. 2.1 Pemenuhan regulasi diperiksa rutin. 2.2 Kesenjangan penaatan diidentifikasi.,,,,,
Env. Specialist,B.06SML00.003.1,Menyusun Kebijakan Lingkungan,Merumuskan draf kebijakan dan Mengomunikasikan kebijakan.,1.1 Komitmen perlindungan lingkungan ditetapkan. 1.2 Kerangka sasaran lingkungan disusun. 2.1 Kebijakan disosialisasikan. 2.2 Akses publik disediakan.,,,,,
Env. Planner,B.06SML00.004.1,Menetapkan Sasaran dan Program Lingkungan,Menetapkan sasaran dan Menyusun rencana program.,1.1 Sasaran ditetapkan pada fungsi relevan. 1.2 Indikator kinerja (EPI) ditentukan. 2.1 Sumber daya dialokasikan. 2.2 Penanggung jawab dan jadwal ditetapkan.,,,,,
Env. Officer,B.06SML00.005.1,Melaksanakan Pengendalian Operasional Lingkungan,"Menerapkan prosedur, Mengelola limbah/emisi dan Tanggap darurat.",1.1 Kriteria operasional ditetapkan. 2.1 Penanganan limbah sesuai standar. 2.2 Pemantauan emisi dilakukan. 3.1 Potensi darurat diidentifikasi. 3.2 Prosedur respon diuji coba.,,,,,
Env. Auditor,B.06SML00.006.1,Melaksanakan Audit Internal SML,"Merencanakan audit, Mengumpulkan bukti dan Melaporkan hasil.",1.1 Ruang lingkup ditetapkan. 1.2 Tim auditor dipilih. 2.1 Observasi dan wawancara dilakukan. 2.2 Temuan didokumentasikan. 3.1 Rekomendasi perbaikan diajukan.,,,,,
Manager,B.06SML00.007.1,Melakukan Tinjauan Manajemen SML,"Menyiapkan input, Mengevaluasi sistem dan Menetapkan output.",1.1 Data kinerja lingkungan dikumpulkan. 2.1 Efektivitas sistem dinilai. 3.1 Keputusan perbaikan ditetapkan. 3.2 Arahan strategis diterbitkan.,,,,,
Operasional LKM,K.64LKM00.001.1,Melaksanakan Budaya Kerja dan Etika Bisnis,Menerapkan budaya kerja organisasi,1.1 Budaya kerja organisasi diidentifikasi sesuai visi dan misi. 1.2 Budaya kerja diimplementasikan dalam aktivitas harian. 1.3 Perilaku kerja dievaluasi berdasarkan standar etika.,,,,,
Operasional LKM,K.64LKM00.001.1,Melaksanakan Budaya Kerja dan Etika Bisnis,Melaksanakan etika bisnis,2.1 Prinsip transparansi dan akuntabilitas diterapkan dalam layanan. 2.2 Benturan kepentingan dihindari sesuai kebijakan perusahaan.,,,,,
Analisis Pembiayaan,K.64LKM00.003.1,Melakukan Analisis Kelayakan Pinjaman atau Pembiayaan,Melakukan verifikasi data calon debitur,1.1 Identitas dan legalitas calon debitur diperiksa keabsahannya. 1.2 Dokumen pendukung pinjaman divalidasi keakuratannya. 1.3 Riwayat kredit dicek melalui sistem informasi debitur.,,,,,
Analisis Pembiayaan,K.64LKM00.003.1,Melakukan Analisis Kelayakan Pinjaman atau Pembiayaan,"Menilai aspek 5C (Character, Capacity, Capital, Collateral, Condition)",2.1 Watak dan niat baik debitur dinilai. 2.2 Kemampuan membayar (repayment capacity) dihitung. 2.3 Jaminan dinilai secara fisik dan legal.,,,,,
Kasir/Teller LKM,K.64LKM00.005.1,Melakukan Transaksi Kas,Melakukan penerimaan kas,1.1 Jumlah uang tunai dihitung di depan nasabah. 1.2 Keaslian uang diperiksa secara manual atau alat deteksi. 1.3 Bukti transaksi (slip) divalidasi dan ditandatangani.,,,,,
Kasir/Teller LKM,K.64LKM00.005.1,Melakukan Transaksi Kas,Melakukan pengeluaran kas,2.1 Dana yang dikeluarkan dipastikan sesuai instruksi penarikan. 2.2 Ketersediaan saldo nasabah diverifikasi sebelum pembayaran. 2.3 Saldo kas akhir hari dicocokkan (rekonsiliasi).,,,,,
Pemasaran/AO,K.64LKM00.007.1,Melakukan Pemasaran Produk LKM,Mengidentifikasi potensi pasar,1.1 Wilayah pemasaran dipetakan berdasarkan target audiens. 1.2 Kebutuhan keuangan masyarakat sekitar dianalisis.,,,,,
Pemasaran/AO,K.64LKM00.007.1,Melakukan Pemasaran Produk LKM,Melakukan sosialisasi dan edukasi produk,2.1 Keunggulan produk tabungan/pembiayaan dipresentasikan. 2.2 Tata cara menjadi nasabah dijelaskan secara transparan.,,,,,
Kolektor,K.64LKM00.009.1,Melakukan Penagihan Pinjaman atau Pembiayaan,Melakukan pemantauan tunggakan,1.1 Daftar nominatif piutang bermasalah diidentifikasi. 1.2 Umur piutang (aging schedule) dianalisis.,,,,,
Kolektor,K.64LKM00.009.1,Melakukan Penagihan Pinjaman atau Pembiayaan,Melaksanakan kunjungan penagihan,2.1 Pendekatan persuasif dilakukan kepada nasabah menunggak. 2.2 Kesepakatan jadwal pembayaran kembali didokumentasikan.,,,,,
Manajer LKM,K.64LKM00.012.1,Menyusun Rencana Kerja dan Anggaran,Menyusun target operasional tahunan,1.1 Target pertumbuhan aset dan laba ditentukan. 1.2 Alokasi biaya operasional dihitung berdasarkan prioritas.,,,,,
Manajer LKM,K.64LKM00.012.1,Menyusun Rencana Kerja dan Anggaran,Menetapkan indikator kinerja utama (KPI),2.1 Standar keberhasilan pencapaian target dirumuskan. 2.2 Rencana kerja dikomunikasikan kepada seluruh staf.,,,,,
Kepatuhan,K.64LKM00.015.1,Menerapkan Manajemen Risiko LKM,Mengidentifikasi risiko operasional,1.1 Potensi kegagalan sistem dan manusia dipetakan. 1.2 Kejadian kerugian (loss events) dicatat dalam database.,,,,,
Kepatuhan,K.64LKM00.015.1,Menerapkan Manajemen Risiko LKM,Menentukan langkah mitigasi risiko,2.1 Prosedur operasional standar (SOP) diperbarui. 2.2 Kontrol internal diterapkan untuk meminimalkan risiko fraud.,,,,,
Compliance Officer,K.64LKM00.017.1,Menerapkan Program APU dan PPT,Melakukan Customer Due Diligence (CDD),1.1 Profil nasabah berisiko tinggi diidentifikasi. 1.2 Sumber dana nasabah diverifikasi.,,,,,
Compliance Officer,K.64LKM00.017.1,Menerapkan Program APU dan PPT,Melaporkan transaksi mencurigakan,2.1 Transaksi keuangan yang menyimpang dipantau. 2.2 Laporan dikirimkan ke otoritas (PPATK) sesuai prosedur.,,,,,
Akuntansi,K.64LKM00.020.1,Menyusun Laporan Keuangan LKM,Melakukan pencatatan jurnal transaksi,1.1 Transaksi harian diinput ke dalam sistem akuntansi. 1.2 Dokumen sumber (voucher) divalidasi keabsahannya.,,,,,
Akuntansi,K.64LKM00.020.1,Menyusun Laporan Keuangan LKM,Menyusun neraca dan laporan laba rugi,2.1 Saldo akun buku besar disesuaikan pada akhir periode. 2.2 Laporan keuangan disusun sesuai Standar Akuntansi Keuangan (SAK) yang berlaku.,,,,,
Penyelia LKM,K.64LKM00.022.1,Melakukan Supervisi Operasional,Melakukan otorisasi transaksi,1.1 Transaksi di atas plafon tertentu diverifikasi dan disetujui. 1.2 Koreksi kesalahan input data dipastikan kebenarannya.,,,,,
Penyelia LKM,K.64LKM00.022.1,Melakukan Supervisi Operasional,Mengevaluasi kinerja staf,2.1 Kedisiplinan dan produktivitas staf dipantau. 2.2 Arahan dan pembinaan diberikan untuk pencapaian target.,,,,,
Audit Internal,K.64LKM00.021.1,Melakukan Audit Kepatuhan,Menentukan ruang lingkup audit dan Melaksanakan prosedur audit.,1.1 Bidang atau unit yang akan diaudit ditentukan berdasarkan profil risiko. 1.2 Program kerja audit disusun sesuai standar internal. 2.1 Bukti-bukti transaksi diperiksa kecocokannya dengan peraturan. 2.2 Temuan ketidakpatuhan didokumentasikan dalam kertas kerja audit.,,,,,
Audit Internal,K.64LKM00.021.1,Melakukan Audit Kepatuhan,Menyusun laporan hasil audit.,3.1 Kesimpulan hasil audit dirumuskan secara objektif. 3.2 Saran perbaikan disampaikan kepada manajemen untuk ditindaklanjuti.,,,,,
Manajemen LKM,K.64LKM00.022.1,Menyusun Kebijakan dan Prosedur Intern,Mengidentifikasi kebutuhan kebijakan dan Membuat draf kebijakan/SOP.,1.1 Dasar hukum dan perkembangan bisnis terkini diidentifikasi sebagai referensi. 1.2 Struktur kebijakan disusun sesuai tata kelola yang baik. 2.1 Alur kerja (flowchart) dibuat secara sistematis. 2.2 Prosedur kerja ditulis dengan bahasa yang mudah dipahami.,,,,,
Sistem Informasi,K.64LKM00.023.1,Mengelola Teknologi Informasi LKM,Memantau keamanan data dan Mengelola infrastruktur TI.,1.1 Hak akses pengguna (user access) diatur sesuai kewenangan. 1.2 Pencadangan data (backup) dilakukan secara rutin. 2.1 Ketersediaan jaringan dan perangkat pendukung dipastikan optimal. 2.2 Masalah teknis pada sistem diselesaikan sesuai tingkat layanan.,,,,,
Tata Kelola,K.64LKM00.024.1,Menerapkan Prinsip Tata Kelola yang Baik (GCG),Melaksanakan prinsip transparansi dan Menerapkan akuntabilitas.,1.1 Laporan tahunan disediakan bagi pemangku kepentingan. 1.2 Informasi mengenai produk dan risiko disampaikan secara terbuka. 2.1 Pembagian tugas (segregation of duties) diterapkan dengan jelas. 2.2 Mekanisme pertanggungjawaban pengurus dilaksanakan secara berkala.,,,,,
Kepatuhan,K.64LKM00.025.1,Melakukan Identifikasi Peraturan Terkini,Memantau regulasi baru dan Menganalisis dampak regulasi.,1.1 Informasi peraturan terbaru dari otoritas (OJK/Kemenaker) dipantau secara aktif. 1.2 Ringkasan perubahan aturan disusun. 2.1 Kesenjangan antara prosedur lama dengan aturan baru diidentifikasi. 2.2 Usulan penyesuaian kebijakan diajukan kepada direksi.,,,,,
SDM LKM,K.64LKM00.026.1,Mengelola Pengembangan Kompetensi Pegawai,Menganalisis kebutuhan pelatihan dan Mengevaluasi hasil pengembangan.,1.1 Kesenjangan kompetensi pegawai diidentifikasi berdasarkan standar SKKNI. 1.2 Rencana pelatihan disusun sesuai anggaran dan target. 2.1 Efektivitas pelatihan dinilai dari perubahan kinerja. 2.2 Sertifikasi kompetensi difasilitasi bagi pegawai yang memenuhi syarat.,,,,,
Konsultan Pemasaran,M.70KMP00.001.1,Melaksanakan Analisis Situasi Pasar,Mengidentifikasi kebutuhan pasar,1.1 Tren pasar terkini diidentifikasi dari berbagai sumber informasi. 1.2 Perilaku konsumen dianalisis sesuai dengan segmentasi pasar. 1.3 Peluang dan ancaman pasar dipetakan berdasarkan data riil.,,,,,
Konsultan Pemasaran,M.70KMP00.001.1,Melaksanakan Analisis Situasi Pasar,Melakukan analisis kompetitor,2.1 Kekuatan dan kelemahan pesaing utama diidentifikasi. 2.2 Strategi pemasaran kompetitor dievaluasi efektivitasnya. 2.3 Posisi relatif perusahaan terhadap kompetitor ditentukan.,,,,,
Pakar Strategi,M.70KMP00.002.1,Merumuskan Strategi Pemasaran,"Menetapkan segmentasi, targeting, dan positioning (STP)",1.1 Variabel segmentasi ditentukan untuk mengelompokkan pasar. 1.2 Target pasar dipilih berdasarkan potensi keuntungan. 1.3 Strategi positioning dirumuskan untuk membangun citra merek unik.,,,,,
Pakar Strategi,M.70KMP00.002.1,Merumuskan Strategi Pemasaran,Mengembangkan bauran pemasaran (Marketing Mix),2.1 Strategi produk dikembangkan sesuai kebutuhan target pasar. 2.2 Kebijakan harga ditetapkan dengan mempertimbangkan nilai pelanggan. 2.3 Saluran distribusi dan taktik promosi direncanakan secara terintegrasi.,,,,,
Brand Analyst,M.70KMP00.003.1,Mengelola Strategi Merek,Membangun ekuitas merek,1.1 Identitas visual dan nilai inti merek dirumuskan. 1.2 Kesadaran merek (brand awareness) ditingkatkan melalui program komunikasi. 1.3 Asosiasi merek yang positif dibangun di benak konsumen.,,,,,
Brand Analyst,M.70KMP00.003.1,Mengelola Strategi Merek,Melakukan audit merek secara berkala,2.1 Persepsi konsumen terhadap merek diukur melalui riset. 2.2 Konsistensi penggunaan identitas merek di seluruh kanal diperiksa. 2.3 Rekomendasi revitalisasi merek disusun jika diperlukan.,,,,,
Product Manager,M.70KMP00.004.1,Merencanakan Pengembangan Produk Baru,Melakukan penyaringan ide produk,1.1 Ide produk dikumpulkan dari berbagai sumber kreativitas. 1.2 Konsep produk dievaluasi berdasarkan kelayakan teknis dan ekonomi. 1.3 Produk purwarupa (prototype) disiapkan untuk pengujian.,,,,,
Product Manager,M.70KMP00.004.1,Merencanakan Pengembangan Produk Baru,Melakukan uji pasar (Test Marketing),2.1 Skenario pengujian pasar disusun untuk kelompok terbatas. 2.2 Respon konsumen terhadap fitur dan harga produk dianalisis. 2.3 Rencana peluncuran produk disempurnakan berdasarkan hasil uji.,,,,,
Marketing Communication,M.70KMP00.005.1,Mengelola Komunikasi Pemasaran Terpadu,Menyusun rencana media promosi,1.1 Kanal media dipilih berdasarkan jangkauan target audiens. 1.2 Alokasi anggaran promosi ditentukan per periode waktu. 1.3 Jadwal penayangan iklan disusun secara sistematis.,,,,,
Marketing Communication,M.70KMP00.005.1,Mengelola Komunikasi Pemasaran Terpadu,Mengevaluasi efektivitas kampanye,"2.1 Capaian KPI (jangkauan, interaksi, konversi) diukur. 2.2 Dampak kampanye terhadap peningkatan penjualan dianalisis. 2.3 Laporan evaluasi komunikasi pemasaran disusun untuk manajemen.",,,,,
Digital Strategist,M.70KMP00.008.1,Melaksanakan Pemasaran Digital,Mengelola aset platform digital,1.1 Situs web dan media sosial dioptimasi untuk pengalaman pengguna. 1.2 Konten pemasaran digital diproduksi sesuai kalender konten. 1.3 Strategi SEO diterapkan untuk meningkatkan visibilitas organik.,,,,,
Digital Strategist,M.70KMP00.008.1,Melaksanakan Pemasaran Digital,Menganalisis metrik pemasaran digital,2.1 Data trafik dan perilaku pengunjung platform dianalisis. 2.2 Tingkat konversi dari kanal digital dihitung. 2.3 Penyesuaian strategi dilakukan berdasarkan data analitik harian.,,,,,
Customer Relation,M.70KMP00.010.1,Mengelola Hubungan Pelanggan (CRM),Membangun database pelanggan,1.1 Profil dan riwayat transaksi pelanggan dikumpulkan secara sistematis. 1.2 Pelanggan dikategorikan berdasarkan nilai (CLV). 1.3 Sistem keamanan data pelanggan dipastikan terjaga.,,,,,
Customer Relation,M.70KMP00.010.1,Mengelola Hubungan Pelanggan (CRM),Melaksanakan program loyalitas,2.1 Skema poin atau reward dirancang untuk meningkatkan retensi. 2.2 Komunikasi personal dikirimkan kepada pelanggan setia. 2.3 Tingkat kepuasan pelanggan diukur melalui survei berkala.,,,,,
Sales Manager,M.70KMP00.012.1,Mengelola Manajemen Penjualan,Menetapkan target penjualan tim,1.1 Sasaran volume dan nilai penjualan ditentukan per wilayah. 1.2 Kuota penjualan diberikan kepada setiap anggota tim sales. 1.3 Struktur insentif disusun untuk memotivasi pencapaian target.,,,,,
Sales Manager,M.70KMP00.012.1,Mengelola Manajemen Penjualan,Melakukan pembinaan (Coaching) tim sales,2.1 Kinerja harian tim dipantau melalui laporan aktivitas. 2.2 Kendala dalam proses negosiasi diidentifikasi dan diberikan solusi. 2.3 Pelatihan teknik penjualan dilakukan secara berkesinambungan.,,,,,
Distribution Planner,M.70KMP00.015.1,Mengelola Saluran Distribusi,Memilih mitra distribusi,1.1 Calon distributor dievaluasi berdasarkan cakupan wilayah dan reputasi. 1.2 Perjanjian kerja sama distribusi dirumuskan secara legal. 1.3 Standar pelayanan minimal bagi mitra ditetapkan.,,,,,
Distribution Planner,M.70KMP00.015.1,Mengelola Saluran Distribusi,Memantau kinerja rantai distribusi,2.1 Ketersediaan stok di tingkat pengecer dipastikan stabil. 2.2 Efisiensi biaya pengiriman barang dievaluasi. 2.3 Konflik antar saluran distribusi dikelola agar tidak merugikan merek.,,,,,
Market Researcher,M.70KMP00.020.1,Melakukan Riset Pemasaran Primer,Merancang instrumen penelitian,1.1 Kuesioner atau panduan wawancara disusun sesuai tujuan riset. 1.2 Metode pengambilan sampel (sampling) ditentukan. 1.3 Validitas instrumen diuji melalui studi pendahuluan.,,,,,
Market Researcher,M.70KMP00.020.1,Melakukan Riset Pemasaran Primer,Mengolah dan menyajikan data riset,2.1 Data lapangan dibersihkan dan dimasukkan ke sistem statistik. 2.2 Temuan riset divisualisasikan dalam bentuk grafik dan tabel. 2.3 Rekomendasi strategis dirumuskan berdasarkan hasil temuan riset.,,,,,
Pemasaran,M.70KMP00.021.1,Melaksanakan Komunikasi Pemasaran,Menyiapkan materi komunikasi pemasaran dan Melaksanakan kegiatan komunikasi.,1.1 Pesan pemasaran disusun sesuai target audiens. 1.2 Media komunikasi dipilih berdasarkan efektivitas jangkauan. 2.1 Pesan disampaikan melalui saluran yang ditetapkan. 2.2 Respon audiens dipantau dan didokumentasikan.,,,,,
Layanan Pelanggan,M.70KMP00.022.1,Memberikan Layanan Pelanggan,Mengidentifikasi kebutuhan pelanggan dan Menyediakan solusi layanan.,1.1 Keluhan atau pertanyaan pelanggan diterima dengan empati. 1.2 Masalah pelanggan dianalisis untuk menentukan solusi tepat. 2.1 Bantuan diberikan sesuai standar pelayanan organisasi. 2.2 Kepuasan pelanggan setelah pemberian solusi dipastikan.,,,,,
Pemasaran Digital,M.70KMP00.023.1,Mengelola Konten Media Sosial,Merencanakan konten media sosial dan Mengunggah dan memantau konten.,1.1 Ide konten kreatif dikembangkan sesuai citra merek. 1.2 Kalender editorial konten disusun untuk konsistensi. 2.1 Konten diunggah pada jam tayang optimal. 2.2 Interaksi dengan pengikut (follower) dikelola secara proaktif.,,,,,
Operasional Sales,M.70KMP00.024.1,Melakukan Presentasi Penjualan,Mempersiapkan bahan presentasi dan Melakukan teknik persuasi penjualan.,1.1 Proposal dan alat peraga disiapkan sesuai profil calon pembeli. 1.2 Manfaat produk disusun untuk menjawab keraguan pelanggan. 2.1 Presentasi dibawakan dengan komunikasi yang meyakinkan. 2.2 Keberatan calon pembeli ditangani dengan teknik negosiasi.,,,,,
Analis Pasar,M.70KMP00.025.1,Melakukan Pemantauan Harga Pasar,Mengumpulkan data harga pesaing dan Menganalisis posisi harga.,1.1 Daftar harga produk sejenis dari kompetitor dikumpulkan secara berkala. 1.2 Skema diskon dan promosi pesaing diidentifikasi. 2.1 Perbandingan harga dilakukan untuk menentukan daya saing. 2.2 Rekomendasi penyesuaian harga diajukan kepada manajemen.,,,,,
Promosi,M.70KMP00.026.1,Mengelola Program Promosi Penjualan,Merancang mekanisme promosi dan Mengevaluasi hasil promosi.,"1.1 Bentuk promosi (potongan harga, hadiah, dll) ditentukan. 1.2 Aturan main program promosi disusun secara jelas. 2.1 Peningkatan volume penjualan selama masa promosi dihitung. 2.2 Efektivitas biaya promosi dibandingkan dengan pendapatan dianalisis.",,,,,
Sales Admin,M.70KMP00.027.1,Mengelola Administrasi Penjualan,Memproses pesanan pelanggan dan Mendokumentasikan data penjualan.,1.1 Pesanan masuk divalidasi ketersediaan stoknya. 1.2 Faktur dan dokumen pengiriman diterbitkan secara akurat. 2.1 Laporan harian penjualan disusun secara sistematis. 2.2 Arsip transaksi pelanggan dikelola sesuai prosedur keamanan data.,,,,,
Account Manager,M.70KMP00.028.1,Mempertahankan Klien Strategis,Melakukan kunjungan rutin kepada klien dan Mengidentifikasi peluang pengembangan bisnis.,1.1 Jadwal kunjungan (courtesy call) dilaksanakan secara berkala. 1.2 Keluhan klien strategis ditangani dengan prioritas tinggi. 2.1 Kebutuhan tambahan dari klien diidentifikasi untuk penawaran baru (upselling). 2.2 Hubungan jangka panjang dijaga melalui program apresiasi.,,,,,
Pemasaran Digital,M.70KMP00.029.1,Mengelola Iklan Berbayar Daring,Mengatur kampanye iklan dan Mengoptimasi kinerja iklan.,"1.1 Target audiens iklan ditentukan berdasarkan minat dan demografi. 1.2 Anggaran iklan dialokasikan pada kanal digital terpilih. 2.1 Metrik performa (CTR, CPC, ROI) dipantau secara harian. 2.2 Strategi penawaran (bidding) disesuaikan untuk hasil maksimal.",,,,,
Analis Pemasaran,M.70KMP00.030.1,Melakukan Analisis Segmentasi Pasar,Mengelompokkan basis pelanggan dan Menentukan segmen prioritas.,1.1 Pelanggan dikategorikan berdasarkan aspek geografis dan psikografis. 1.2 Profil setiap segmen pasar diuraikan secara mendalam. 2.1 Potensi pertumbuhan setiap segmen dievaluasi. 2.2 Segmen pasar yang paling menguntungkan dipilih sebagai fokus utama.,,,,,
Operasional Pemasaran,M.70KMP00.031.1,Mengoordinasikan Aktivitas Aktivasi Merek,Menyiapkan logistik acara aktivasi dan Mengawasi pelaksanaan aktivasi.,1.1 Lokasi dan perlengkapan acara disiapkan sesuai konsep. 1.2 Personel pendukung (SPG/Promotor) diberikan arahan kerja. 2.1 Alur interaksi konsumen dengan merek dipantau di lapangan. 2.2 Data perolehan calon pelanggan (leads) dikumpulkan selama acara.,,,,,
Manajer Pemasaran,M.70KMP00.032.1,Mencapai Target Penjualan,Memantau progres pencapaian target dan Mengambil tindakan perbaikan.,1.1 Realisasi penjualan dibandingkan terhadap target secara periodik. 1.2 Faktor penghambat pencapaian target diidentifikasi. 2.1 Strategi taktis darurat diterapkan untuk menutup kekurangan target. 2.2 Sumber daya tim dioptimalkan untuk mencapai sasaran akhir periode.,,,,,
Programmer,TIK.PR01.001.01,Membuat Algoritma Pemrograman Dasar,Mendefinisikan masalah,1.1 Masalah yang akan diselesaikan diidentifikasi. 1.2 Masalah diuraikan menjadi komponen-komponen kecil. 1.3 Kebutuhan input dan output ditentukan.,,,,,
Programmer,TIK.PR01.001.01,Membuat Algoritma Pemrograman Dasar,Membuat alur logika (flowchart),2.1 Simbol-simbol alur data digunakan sesuai standar. 2.2 Logika penyelesaian masalah disusun secara urut dan logis. 2.3 Algoritma diuji coba secara kering (dry run).,,,,,
Programmer,TIK.PR02.001.01,Menggunakan Struktur Data,Menentukan struktur data,"1.1 Jenis data (integer, string, array, dll) dipilih sesuai kebutuhan. 1.2 Struktur data majemuk (stack, queue, tree) ditentukan jika diperlukan.",,,,,
Programmer,TIK.PR02.001.01,Menggunakan Struktur Data,Menerapkan operasi struktur data,"2.1 Operasi dasar (insert, delete, update) dilakukan pada struktur data. 2.2 Efisiensi penggunaan memori diperhitungkan.",,,,,
Programmer,TIK.PR02.002.01,Membuat Program Dasar,Menyiapkan lingkungan pengembangan,1.1 Perangkat lunak editor dan compiler disiapkan. 1.2 Library yang dibutuhkan diidentifikasi dan dikonfigurasi.,,,,,
Programmer,TIK.PR02.002.01,Membuat Program Dasar,Menulis kode program,"2.1 Sintaks bahasa pemrograman diikuti dengan benar. 2.2 Struktur kontrol (if-else, looping) diterapkan. 2.3 Komentar ditambahkan pada bagian kode yang kompleks.",,,,,
Programmer,TIK.PR02.003.01,Melaksanakan Pengujian Unit Program,Membuat rencana pengujian unit,1.1 Komponen program yang akan diuji ditentukan. 1.2 Data uji (test data) disiapkan untuk kasus normal dan ekstrim.,,,,,
Programmer,TIK.PR02.003.01,Melaksanakan Pengujian Unit Program,Mengeksekusi pengujian,2.1 Kesalahan sintaks dan logika diperbaiki. 2.2 Hasil pengujian dibandingkan dengan spesifikasi teknis. 2.3 Laporan hasil pengujian unit didokumentasikan.,,,,,
System Analyst,TIK.PR02.005.01,Melakukan Identifikasi Library Komponen,Mengidentifikasi fungsi library,1.1 Kebutuhan fungsional aplikasi dipetakan. 1.2 Library yang tersedia secara open source atau komersial dievaluasi kesesuaiannya.,,,,,
System Analyst,TIK.PR02.005.01,Melakukan Identifikasi Library Komponen,Mengintegrasikan library ke dalam sistem,2.1 API library dipelajari cara penggunaannya. 2.2 Komponen library dipastikan tidak konflik dengan modul yang sudah ada.,,,,,
Database Dev,TIK.PR02.008.01,Membuat Struktur Database,Merancang skema database,"1.1 Entitas dan atribut diidentifikasi. 1.2 Relasi antar tabel ditentukan (one-to-many, many-to-many). 1.3 Normalisasi database dilakukan hingga bentuk tertentu.",,,,,
Database Dev,TIK.PR02.008.01,Membuat Struktur Database,Mengimplementasikan database,2.1 Perintah DDL (Data Definition Language) dijalankan. 2.2 Indeks dan kunci utama (primary key) ditetapkan pada tabel.,,,,,
Programmer,TIK.PR02.010.1,Menulis Program Lanjut,Menerapkan konsep OOP,"1.1 Class dan Object diidentifikasi dari spesifikasi. 1.2 Prinsip enkapsulasi, pewarisan (inheritance), dan polimorfisme diimplementasikan.",,,,,
Programmer,TIK.PR02.010.1,Menulis Program Lanjut,Mengelola penanganan kesalahan (Exception Handling),2.1 Blok try-catch digunakan untuk menangani error saat runtime. 2.2 Pesan kesalahan dibuat informatif bagi pengguna.,,,,,
Web Developer,TIK.PR02.015.01,Membuat Halaman Statis Web,Merancang tata letak (layout),1.1 Struktur navigasi web ditentukan. 1.2 Elemen HTML digunakan sesuai semantik.,,,,,
Web Developer,TIK.PR02.015.01,Membuat Halaman Statis Web,Menerapkan desain visual dengan CSS,"2.1 Properti gaya (warna, font, spacing) diterapkan. 2.2 Layout dibuat responsif untuk berbagai ukuran layar.",,,,,
Programmer,TIK.PR02.020.01,Melakukan Debugging,Mencari sumber kesalahan,1.1 Alat bantu debugger dioperasikan. 1.2 Nilai variabel dipantau pada setiap langkah eksekusi (step-over).,,,,,
Programmer,TIK.PR02.020.01,Melakukan Debugging,Memperbaiki bug,2.1 Kode penyebab error dimodifikasi. 2.2 Program diuji kembali untuk memastikan tidak ada efek samping (regression).,,,,,
Documentator,TIK.PR02.022.01,Membuat Dokumentasi Kode Program,Menyusun manual teknis,1.1 Penjelasan alur program dibuat secara sistematis. 1.2 Diagram kelas dan diagram urutan disertakan dalam dokumen.,,,,,
Security Prog.,TIK.PR02.025.01,Menerapkan Keamanan Kode Program,Melakukan validasi input,1.1 Filter diterapkan pada data yang dimasukkan pengguna. 1.2 Teknik pencegahan SQL Injection dan XSS diimplementasikan pada kode.,,,,,
System Analyst,TIK.PR02.021.01,Membuat Desain Sistem,Merancang arsitektur aplikasi,1.1 Model data dan alur kerja sistem didefinisikan. 1.2 Komponen utama sistem dan interaksinya dipetakan dalam diagram.,,,,,
Programmer,TIK.PR03.001.01,Mengelola Konfigurasi Perangkat Lunak,Menggunakan sistem kontrol versi (Git/SVN),1.1 Repositori kode program dibuat dan dikonfigurasi. 1.2 Perubahan kode (commit) dicatat dengan pesan yang jelas. 1.3 Konflik penggabungan kode (merge) diselesaikan.,,,,,
UI/UX Designer,TIK.PR02.016.01,Membuat Antarmuka Pengguna (GUI),Merancang elemen visual antarmuka,"1.1 Komponen input (form, button) diletakkan sesuai prinsip kegunaan. 1.2 Konsistensi warna dan tipografi dijaga di seluruh layar aplikasi.",,,,,
Mobile Dev,TIK.PR02.011.01,Membuat Program Perangkat Bergerak,Mengonfigurasi SDK Mobile,1.1 Lingkungan pengembangan (Android/iOS) disiapkan. 1.2 Emulator atau perangkat fisik dihubungkan untuk pengujian.,,,,,
Mobile Dev,TIK.PR02.011.01,Membuat Program Perangkat Bergerak,Mengimplementasikan fitur mobile,2.1 Sensor perangkat (GPS/Kamera) diintegrasikan ke aplikasi. 2.2 Konsumsi daya dan memori dioptimasi untuk perangkat mobile.,,,,,
Programmer,TIK.PR02.023.01,Melakukan Instalasi Program,Menyiapkan paket instalasi (Deployment),1.1 File eksekusi dan dependensi dikemas dalam installer. 1.2 Prosedur instalasi dan konfigurasi sistem didokumentasikan.,,,,,
Programmer,TIK.PR02.024.01,Memberikan Dukungan Teknis,Menangani keluhan operasional,1.1 Laporan bug dari pengguna diidentifikasi tingkat kritisnya. 1.2 Bantuan teknis diberikan melalui panduan atau remote akses.,,,,,
DB Admin,TIK.PR02.009.01,Mengoptimalkan Query Database,Melakukan tuning query SQL,1.1 Perintah SQL yang lambat diidentifikasi melalui profiling. 1.2 Penggunaan join dan subquery dioptimalkan untuk kecepatan akses data.,,,,,
Security Prog.,TIK.PR02.026.01,Menerapkan Enkripsi Data,Mengimplementasikan algoritma kriptografi,1.1 Data sensitif (password/pin) diacak menggunakan fungsi hash. 1.2 Pengiriman data antar sistem diamankan dengan protokol enkripsi.,,,,,
Integrator,TIK.PR02.018.01,Membuat Konektivitas Antar Sistem,Mengonsumsi Web Service / API,1.1 Format data (JSON/XML) diparsing ke dalam objek program. 1.2 Otentikasi API (API Key/Token) diterapkan pada permintaan data.,,,,,
Web Developer,TIK.PR02.019.01,Membuat Skrip Sisi Server (Backend),Mengelola sesi dan cookie,1.1 Autentikasi pengguna dikelola menggunakan session server. 1.2 Data preferensi pengguna disimpan dalam cookie secara aman.,,,,,
Software Architect,TIK.PR04.001.01,Mengevaluasi Teknologi Pemrograman,Melakukan studi banding teknologi,1.1 Kelebihan dan kekurangan framework baru dianalisis. 1.2 Rekomendasi penggunaan teknologi diberikan berdasarkan kebutuhan proyek.,,,,,
Tester,TIK.PR02.004.01,Melaksanakan Pengujian Integrasi,Menguji interaksi antar modul,1.1 Aliran data antar komponen dipastikan tidak terputus. 1.2 Skenario pengujian end-to-end dijalankan pada lingkungan staging.,,,,,
Programmer,TIK.PR01.002.01,Menerapkan Etika Profesi Programmer,Menghargai Hak Kekayaan Intelektual (HKI),1.1 Lisensi perangkat lunak pihak ketiga dipatuhi. 1.2 Kode sumber milik organisasi dijaga kerahasiaannya.,,,,,
DevOps,TIK.PR03.002.01,Mengelola Lingkungan Pengujian,Menyiapkan server simulasi,1.1 Konfigurasi server staging dibuat menyerupai server produksi. 1.2 Automasi deployment (CI/CD) diterapkan untuk efisiensi pengujian.,,,,,
Analyst,TIK.PR02.006.01,Mendefinisikan Spesifikasi Program,Menerjemahkan kebutuhan bisnis ke teknis,1.1 Use case diagram dan aktivitas diagram dibuat. 1.2 Batasan sistem dan performa didefinisikan secara kuantitatif.,,,,,
Data Analyst,TIK.PR02.007.01,Membuat Laporan Data,Merancang format laporan (Reporting),1.1 Query penarikan data untuk laporan disusun. 1.2 Visualisasi data (tabel/grafik) ditampilkan sesuai kebutuhan manajerial.,,,,,
Programmer,TIK.PR02.012.01,Menggunakan Framework Pemrograman,Menginstalasi framework,1.1 Struktur folder framework dipelajari. 1.2 Konfigurasi dasar (database/routing) diatur sesuai standar framework.,,,,,
Programmer,TIK.PR02.013.01,Melakukan Refactoring Kode,Memperbaiki struktur kode,1.1 Kode yang redundan dihapus atau digabung. 1.2 Keterbacaan kode ditingkatkan tanpa mengubah fungsi utama.,,,,,
Integrator,TIK.PR02.014.01,Mengintegrasikan Sistem Database,Melakukan sinkronisasi data,1.1 Transfer data antar database berbeda platform dilakukan. 1.2 Konsistensi data dijaga selama proses migrasi atau integrasi.,,,,,
Analyst,TIK.PR02.017.01,Membuat Prototype Aplikasi,Membuat wireframe fungsional,1.1 Sketsa antarmuka tanpa fungsi backend dibuat untuk demo. 1.2 Feedback dari calon pengguna dikumpulkan untuk perbaikan desain.,,,,,
Programmer,TIK.PR05.001.01,Melakukan Pemeliharaan Sistem,Melakukan patching berkala,1.1 Update keamanan diterapkan pada sistem yang berjalan. 1.2 Log sistem diperiksa secara rutin untuk mendeteksi potensi kegagalan.,,,,,
Pengembangan Bisnis,E.360034.001.01,Mengevaluasi Aspirasi Pemangku Kepentingan,Menyiapkan data harapan dan kebutuhan pemangku kepentingan ,"Pemangku kepentingan diidentifikasi untuk memahami nilai-nilai, harapan, karakteristik, dan kebutuhan penyelenggara SPAM. Nilai-nilai dan kebutuhan tersebut dijaring dengan metode pendekatan yang sesuai.",,,,,
Pengembangan Bisnis,E.360034.001.01,Mengevaluasi Aspirasi Pemangku Kepentingan,Menganalisis aspirasi pemangku kepentingan ,Data hasil penjaringan diklasifikasi dan dianalisis sesuai dengan kebutuhan rencana bisnis.,,,,,
Pengembangan Bisnis,E.360034.001.01,Mengevaluasi Aspirasi Pemangku Kepentingan,Membuat laporan evaluasi ,"Laporan evaluasi dicatat dalam formulir, disusun, dan diarsipkan sesuai dengan POS.",,,,,
Pengembangan Bisnis,E.360034.010.01,Menetapkan Sasaran Rencana Bisnis,Mengidentifikasi sasaran rencana bisnis ,"Sasaran rencana bisnis diidentifikasi dan diklasifikasikan sesuai dengan visi, misi, dan tujuan organisasi.",,,,,
Keuangan,E.360034.014.01,Melakukan Analisis Rasio Keuangan,Menyiapkan data analisis rasio keuangan ,Data proyeksi keuangan dan laporan keuangan disiapkan serta diidentifikasi sesuai dengan kebutuhan dan POS.,,,,,
Keuangan,E.360034.014.01,Melakukan Analisis Rasio Keuangan,Menghitung analisis rasio keuangan ,Data hasil identifikasi dihitung dan dianalisis sesuai dengan peraturan yang berlaku.,,,,,
Keuangan,E.360034.014.01,Melakukan Analisis Rasio Keuangan,Membuat laporan analisis rasio keuangan ,"Laporan dicatat dalam formulir, disusun, direkomendasikan kepada pihak berwenang, dan diarsipkan sesuai POS.",,,,,
Keuangan,E.360035.005.01,Menghitung Beban Operasional dan Non Operasional,Menyiapkan data beban ,Data beban operasional dan non-operasional disiapkan dan divalidasi sesuai dengan kebutuhan pelaporan keuangan.,,,,,
Keuangan,E.360032.028.01,Melakukan Evaluasi Beban Usaha,Menyiapkan data beban usaha ,Data beban usaha disiapkan dan diidentifikasi sesuai dengan kebutuhan evaluasi.,,,,,
Keuangan,E.360032.028.01,Melakukan Evaluasi Beban Usaha,Menganalisis data beban usaha ,Hasil identifikasi beban usaha dianalisis dan dievaluasi sesuai dengan prosedur operasional standar (POS).,,,,,
Keuangan,E.360032.028.01,Melakukan Evaluasi Beban Usaha,Membuat laporan evaluasi ,"Hasil analisis dicatat dalam formulir laporan, disusun, dan ditindaklanjuti sesuai dengan POS.",,,,,
Keuangan,E.360035.003.01 ,Mengelola Kewajiban Jangka Pendek dan Panjang,Menyiapkan data kewajiban ,"Data kewajiban jangka pendek/panjang, bukti transaksi harian, dan buku besar disiapkan untuk pencatatan transaksi.",,,,,
Keuangan,E.360035.005.01,Menghitung Beban Operasional dan Non Operasional,Melakukan penghitungan beban ,Beban operasional dan non-operasional dihitung secara akurat berdasarkan standar akuntansi yang berlaku.,,,,,
Keuangan,E.360034.013.01,Menyusun Proyeksi Keuangan,Menghitung proyeksi ,Proyeksi keuangan dihitung berdasarkan hasil analisis data historis dan rencana strategis bisnis.,,,,,
Keuangan,E.360035.004.01 ,Menyusun Laporan Keuangan,Menyiapkan draf laporan ,Laporan keuangan disusun sesuai dengan Standar Akuntansi Keuangan untuk Entitas Tanpa Akuntabilitas Publik (SAK ETAP).,,,,,
Keuangan,E.360034.014.01,Melakukan Analisis Rasio Keuangan,Rekomendasi hasil analisis ,Hasil analisis rasio keuangan direkomendasikan kepada pihak berwenang untuk pengambilan keputusan strategis.,,,,,
Keuangan,E.360034.014.01,Melakukan Analisis Rasio Keuangan,Merekomendasikan hasil analisis,Hasil analisis rasio keuangan direkomendasikan kepada pihak berwenang sesuai dengan kebijakan perusahaan dan diarsipkan sesuai POS.,,,,,
Keuangan,E.360035.006.01,Menghitung Biaya Produksi,Menyiapkan data biaya,"Data biaya bahan kimia, energi, dan tenaga kerja produksi disiapkan dan divalidasi sesuai kebutuhan laporan.",,,,,
Keuangan,E.360035.006.01,Menghitung Biaya Produksi,Melakukan kalkulasi biaya,Biaya produksi per meter kubik air dihitung berdasarkan total volume air yang diproduksi dan total beban operasional.,,,,,
Keuangan,E.360035.007.01,Menghitung Biaya Distribusi,Mengidentifikasi komponen biaya,"Biaya pemeliharaan jaringan, energi pompa distribusi, dan kehilangan air (NRW) diidentifikasi sesuai data lapangan.",,,,,
Keuangan,E.360035.008.01,Menghitung Penyusutan Aset,Menentukan masa manfaat aset,Masa manfaat aset tetap SPAM ditentukan berdasarkan kategori aset dan kebijakan akuntansi yang berlaku.,,,,,
Keuangan,E.360035.009.01,Menghitung Profitabilitas,Menganalisis margin laba,Laba kotor dan laba bersih dianalisis terhadap pendapatan usaha untuk menilai efisiensi kinerja keuangan.,,,,,
Keuangan,E.360035.010.01,Menghitung Likuiditas,Menganalisis rasio lancar,Data likuiditas berdasarkan neraca diidentifikasi dan dihitung sesuai standar perhitungan untuk menilai kemampuan bayar jangka pendek.,,,,,
Keuangan,E.360035.010.01,Menghitung Likuiditas,Membuat laporan likuiditas,"Hasil analisis likuiditas dicatat, disusun menjadi laporan, dan dilaporkan kepada pimpinan sesuai POS.",,,,,
Keuangan,E.360035.011.01,Menghitung Solvabilitas,Menilai struktur modal,Rasio hutang terhadap ekuitas dihitung untuk menilai keamanan keuangan jangka panjang penyelenggara SPAM.,,,,,
Keuangan,E.360032.028.01,Melakukan Evaluasi Beban Usaha,Menyiapkan data beban,Data beban usaha disiapkan dan diidentifikasi sesuai kebutuhan evaluasi total beban usaha dalam laporan laba rugi.,,,,,
Keuangan,E.360032.028.01,Melakukan Evaluasi Beban Usaha,Menganalisis dan evaluasi,Hasil identifikasi beban usaha dianalisis dan dievaluasi kelayakannya sesuai dengan prosedur operasional standar (POS).,,,,,
Keuangan,E.360032.028.01,Melakukan Evaluasi Beban Usaha,Melaporkan hasil evaluasi,"Hasil analisis dicatat dalam formulir, disusun menjadi laporan, dan ditindaklanjuti sesuai instruksi manajemen.",,,,,
RPAM,E.360036.001.01,Menentukan Tim RPAM,Mengidentifikasi anggota tim,"Personel dari berbagai departemen (produksi, distribusi, kualitas) diidentifikasi untuk membentuk tim lintas fungsi RPAM.",,,,,
RPAM,E.360036.002.01,Membuat Rantai Pasok SPAM,Mendeskripsikan sistem SPAM,"Seluruh komponen mulai dari sumber air baku, pengolahan, hingga transmisi digambarkan dalam diagram alir rantai pasok.",,,,,
RPAM,E.360036.003.01,Menginvestigasi Risiko,Mengidentifikasi kejadian bahaya,Potensi gangguan pada setiap titik rantai pasok diidentifikasi berdasarkan data kejadian historis dan kondisi lapangan.,,,,,
RPAM,E.360036.003.01,Menginvestigasi Risiko,Menganalisis tingkat risiko,Skor risiko dihitung berdasarkan perkiraan frekuensi kejadian dan tingkat keparahan dampaknya terhadap kualitas air.,,,,,
RPAM,E.360036.004.01,Membuat Daftar Tindakan Pengendalian,Menentukan kontrol risiko,Alternatif tindakan untuk mencegah atau mengurangi risiko bahaya pada sistem SPAM ditentukan sesuai prioritas.,,,,,
RPAM,E.360036.004.01,Membuat Daftar Tindakan Pengendalian,Memvalidasi tindakan,Tindakan pengendalian yang dipilih divalidasi efektivitasnya untuk memastikan risiko dapat ditekan ke level aman.,,,,,
RPAM,E.360036.005.01,Melakukan Reanalisis Risiko,Menilai risiko sisa (residual),Risiko dihitung kembali setelah mempertimbangkan adanya tindakan pengendalian yang sudah berjalan.,,,,,
RPAM,E.360036.006.01,Menentukan Cara Pengawasan,Merancang prosedur monitoring,"Metode, frekuensi, dan tanggung jawab pengawasan terhadap tindakan pengendalian ditetapkan dalam dokumen panduan.",,,,,
RPAM,E.360036.007.01,Pengawasan Progres Pemenuhan,Memantau pelaksanaan rencana,Kemajuan pelaksanaan perbaikan sistem dan pemenuhan standar kualitas dipantau secara berkala.,,,,,
RPAM,E.360036.008.01,Membuat Rencana Perbaikan,Menyusun jadwal upgrade,Rencana teknis dan anggaran untuk perbaikan infrastruktur yang kritis disusun berdasarkan hasil asesmen risiko.,,,,,
RPAM,E.360036.009.01,Melakukan Verifikasi RPAM,Menguji kepatuhan sistem,Verifikasi dilakukan melalui audit internal dan pengujian kualitas air untuk memastikan RPAM berjalan efektif.,,,,,
RPAM,E.360036.010.01,Melakukan Tinjauan Manajemen,Mengevaluasi performa RPAM,Hasil implementasi RPAM dipresentasikan kepada pimpinan puncak untuk mendapatkan arahan perbaikan berkelanjutan.,,,,,
Operasional,E.360036.011.01,Mengelola Dokumentasi RPAM,Mengarsipkan data teknis,"Semua dokumen rencana, hasil monitoring, dan laporan verifikasi dikelola dan disimpan sesuai standar manajemen dokumen.",,,,,
Operasional,E.360034.018.01,Melakukan Pengendalian Rencana Bisnis,Memantau IKK,Data kemajuan indikator kinerja kunci (IKK) disiapkan dan dipantau realisasinya sesuai target dalam rencana bisnis.,,,,,
Operasional,E.360034.018.01,Melakukan Pengendalian Rencana Bisnis,Menilai penerapan program,Setiap unit kerja dipastikan menjalankan program sesuai dengan rencana bisnis yang telah ditetapkan.,,,,,
Manajemen,E.360034.008.01,Mengkaji Kondisi Eksternal,Mengumpulkan data eksternal,"Data regulasi, kondisi sosial ekonomi masyarakat, dan lingkungan sekitar penyelenggara SPAM disiapkan.",,,,,
Manajemen,E.360034.008.01,Mengkaji Kondisi Eksternal,Menganalisis dampak eksternal,Hasil identifikasi kondisi eksternal dianalisis untuk melihat peluang dan ancaman terhadap keberlangsungan SPAM.,,,,,
Keuangan,E.360035.012.01,Menghitung Arus Kas (Cash Flow),Mengidentifikasi arus kas masuk,Pendapatan dari rekening air dan non-air diidentifikasi berdasarkan catatan penerimaan harian.,,,,,
Keuangan,E.360035.012.01,Menghitung Arus Kas (Cash Flow),Menganalisis saldo kas,Aliran kas masuk dan keluar dianalisis untuk memastikan ketersediaan dana operasional setiap periode.,,,,,
Keuangan,E.360035.013.01,Mengevaluasi Piutang Air,Menyiapkan data tunggakan,Daftar piutang pelanggan dan umur piutang disiapkan untuk proses rekonsiliasi.,,,,,
Keuangan,E.360035.013.01,Mengevaluasi Piutang Air,Menganalisis efektivitas penagihan,Rasio penagihan dihitung untuk mengevaluasi kinerja bagian rekening dan penagihan.,,,,,
Pengembangan,E.360034.012.01,Merumuskan Program Rencana Bisnis,Menyiapkan data program,Data hasil sasaran strategis dan estimasi kebutuhan sumber daya disiapkan sesuai kebutuhan pengembangan.,,,,,
Pengembangan,E.360034.012.01,Merumuskan Program Rencana Bisnis,Menyusun draf program,"Program kerja tahunan dan jangka menengah dirumuskan secara detail mencakup waktu, biaya, dan penanggung jawab.",,,,,
Programmer,J.620100.001.1,Menulis Kode Program Secara Dasar,Menyiapkan peralatan dan bahan untuk penulisan kode program,Perangkat lunak editor kode disiapkan sesuai kebutuhan bahasa pemrograman. Dokumentasi spesifikasi teknis dipahami sebagai acuan penulisan kode.,,,,,
Programmer,J.620100.001.1,Menulis Kode Program Secara Dasar,Melakukan penulisan kode program,Sintaks bahasa pemrograman diikuti dengan benar. Algoritma dasar diimplementasikan dalam kode. Variabel dan konstanta didefinisikan sesuai standar.,,,,,
Programmer,J.620100.001.1,Menulis Kode Program Secara Dasar,Melakukan pengujian kode program,Kode program dikompilasi atau dijalankan untuk mengecek kesalahan. Logika program dipastikan berjalan sesuai dengan hasil yang diharapkan.,,,,,
Software Architect,J.620100.002.1,Mendesain Struktur Data,Menentukan struktur data yang akan digunakan,"Kebutuhan data diidentifikasi berdasarkan analisis fungsional. Jenis struktur data (array, list, atau tree) dipilih untuk optimasi performa.",,,,,
Software Architect,J.620100.002.1,Mendesain Struktur Data,Menerapkan struktur data dalam program,Struktur data diimplementasikan dalam desain modul. Akses dan manipulasi data dikelola sesuai dengan aturan integritas data.,,,,,
Programmer,J.620100.004.1,Menggunakan Library atau Komponen Pre-existing,Mengidentifikasi library atau komponen yang dibutuhkan,Fungsi library dianalisis kesesuaiannya dengan fitur sistem. Dokumentasi library dipelajari untuk memahami cara integrasi.,,,,,
Programmer,J.620100.004.1,Menggunakan Library atau Komponen Pre-existing,Mengintegrasikan library atau komponen ke dalam perangkat lunak,Library diinstalasi dan dikonfigurasi dalam proyek. Fungsi-fungsi library dipanggil dan diuji integrasinya dengan modul internal.,,,,,
Web Developer,J.620100.005.1,Membuat Halaman Web Statis,Merancang tata letak halaman web,Struktur navigasi dan layout halaman dirancang sesuai desain user interface. Elemen-elemen HTML disusun secara semantik.,,,,,
Web Developer,J.620100.005.1,Membuat Halaman Web Statis,Menerapkan gaya (styling) pada halaman web,Properti tampilan diatur menggunakan CSS. Tampilan dipastikan responsif terhadap berbagai resolusi layar.,,,,,
Web Developer,J.620100.006.1,Membuat Halaman Web Dinamis,Mengelola input dari pengguna,Form input divalidasi pada sisi klien atau server. Data dari pengguna diproses untuk menghasilkan respon yang dinamis.,,,,,
Web Developer,J.620100.006.1,Membuat Halaman Web Dinamis,Mengintegrasikan halaman web dengan basis data,"Koneksi ke basis data dikonfigurasi dengan aman. Operasi CRUD (Create, Read, Update, Delete) diimplementasikan pada halaman web.",,,,,
Database Dev,J.620100.007.1,Membuat Rancangan Basis Data,Melakukan pemodelan data,Entity Relationship Diagram (ERD) digambarkan secara lengkap. Normalisasi basis data dilakukan untuk menghindari redundansi data.,,,,,
Database Dev,J.620100.007.1,Membuat Rancangan Basis Data,Menentukan skema basis data,"Tabel, kolom, dan tipe data ditetapkan. Hubungan kunci utama (primary key) dan kunci tamu (foreign key) ditentukan.",,,,,
Network Eng.,J.620100.009.1,Mengonfigurasi Perangkat Jaringan,Menyiapkan perangkat jaringan,Spesifikasi teknis perangkat jaringan diidentifikasi. Perangkat keras dan media transmisi disiapkan untuk instalasi.,,,,,
Network Eng.,J.620100.009.1,Mengonfigurasi Perangkat Jaringan,Melakukan pengaturan parameter jaringan,Alamat IP dan subnet mask dikonfigurasi. Protokol routing dan akses kontrol ditetapkan sesuai arsitektur jaringan.,,,,,
Sys Admin,J.620100.012.1,Mengelola Sistem Operasi,Melakukan instalasi sistem operasi,Media instalasi disiapkan dan dijalankan. Partisi harddisk dan pengaturan sistem dasar dikonfigurasi sesuai prosedur.,,,,,
Sys Admin,J.620100.012.1,Mengelola Sistem Operasi,Melakukan pemeliharaan sistem operasi,Pembaruan sistem (patching) dilakukan secara rutin. Log sistem dipantau untuk mendeteksi potensi masalah performa atau keamanan.,,,,,
IT Support,J.620100.015.1,Memberikan Layanan Bantuan Teknis,Mengidentifikasi permasalahan teknis,Laporan keluhan pengguna diterima dan diklasifikasi. Analisis penyebab masalah dilakukan menggunakan alat bantu diagnosa.,,,,,
IT Support,J.620100.015.1,Memberikan Layanan Bantuan Teknis,Memberikan solusi bantuan teknis,Langkah-langkah perbaikan dijalankan sesuai POS. Pengguna diberikan panduan agar masalah serupa tidak terulang kembali.,,,,,
Programmer,J.620100.017.1,Melakukan Debugging,Mengidentifikasi kesalahan (bug),Program dijalankan pada lingkungan pengujian untuk memicu error. Titik kesalahan ditemukan melalui teknik penelusuran kode atau alat debugger.,,,,,
System Analyst,J.620100.018.1,Melakukan Identifikasi Spesifikasi Perangkat Lunak,Mengidentifikasi kebutuhan fungsional,Kebutuhan pengguna dikumpulkan melalui teknik wawancara atau observasi. Spesifikasi fitur dan alur kerja aplikasi didefinisikan secara mendalam.,,,,,
System Analyst,J.620100.018.1,Melakukan Identifikasi Spesifikasi Perangkat Lunak,Menentukan kebutuhan non-fungsional,"Parameter performa, keamanan, dan ketersediaan sistem ditetapkan. Batasan infrastruktur dan teknologi yang digunakan diidentifikasi.",,,,,
Programmer,J.620100.019.1,Mengelola Repositori Kode Program,Menyiapkan lingkungan kontrol versi,Repositori pusat dikonfigurasi pada platform yang disepakati. Struktur folder dan kebijakan akses repositori ditetapkan untuk tim.,,,,,
Programmer,J.620100.019.1,Mengelola Repositori Kode Program,Melakukan manajemen perubahan kode,Kode program dikirimkan (commit) ke repositori dengan pesan yang deskriptif. Konflik perubahan antar anggota tim diselesaikan melalui proses penggabungan (merge).,,,,,
Quality Assurance,J.620100.021.1,Melakukan Pengujian Integrasi Perangkat Lunak,Merancang skenario pengujian integrasi,Antarmuka antar modul diidentifikasi aliran datanya. Skenario uji disusun untuk memastikan modul bekerja bersama secara harmonis.,,,,,
Quality Assurance,J.620100.021.1,Melakukan Pengujian Integrasi Perangkat Lunak,Melaksanakan uji integrasi,Pengujian dijalankan sesuai skenario yang telah disusun. Hasil pengujian dibandingkan dengan desain arsitektur dan kegagalan dicatat dalam log.,,,,,
Project Manager,J.620100.025.1,Melakukan Estimasi Upaya Pengembangan Perangkat Lunak,Menghitung skala proyek,Ukuran perangkat lunak diestimasi menggunakan metode standar (seperti function point). Tingkat kompleksitas fitur dinilai berdasarkan spesifikasi teknis.,,,,,
Project Manager,J.620100.025.1,Melakukan Estimasi Upaya Pengembangan Perangkat Lunak,Menentukan alokasi waktu dan SDM,Jumlah jam kerja yang dibutuhkan dihitung berdasarkan estimasi skala. Jadwal pengerjaan dan pembagian peran tim ditetapkan sesuai target.,,,,,
Technical Writer,J.620100.026.1,Membuat Dokumentasi Teknis Perangkat Lunak,Menyusun manual pengembang,Struktur internal kode dan arsitektur sistem didokumentasikan. Instruksi instalasi dan konfigurasi lingkungan pengembangan diuraikan secara detail.,,,,,
Technical Writer,J.620100.026.1,Membuat Dokumentasi Teknis Perangkat Lunak,Menyusun manual operasional,Prosedur penggunaan fitur-fitur aplikasi untuk pengguna akhir ditulis dengan bahasa yang mudah dipahami. Daftar istilah teknis dan solusi masalah umum (troubleshooting) disertakan.,,,,,
DevOps Engineer,J.620100.027.1,Melakukan Deployment Perangkat Lunak,Menyiapkan paket rilis (Release Package),Versi perangkat lunak yang stabil dikompilasi menjadi paket instalasi. Dependensi sistem dan skrip basis data disiapkan dalam paket rilis.,,,,,
DevOps Engineer,J.620100.027.1,Melakukan Deployment Perangkat Lunak,Mengeksekusi proses deployment,Paket rilis dipasang pada server produksi sesuai jadwal. Keberhasilan proses instalasi diverifikasi melalui uji fungsi pasca-deployment.,,,,,
Security Officer,J.62KI00.001.2,Menyusun Kebijakan Keamanan Informasi,Menentukan ruang lingkup kebijakan,Kebutuhan bisnis dan organisasi diidentifikasi. Batasan area penerapan kebijakan keamanan informasi ditetapkan sesuai standar organisasi.,,,,,
Security Officer,J.62KI00.001.2,Menyusun Kebijakan Keamanan Informasi,Membuat draf dokumen kebijakan,"Klausul kebijakan keamanan informasi dirumuskan. Prinsip-prinsip kerahasiaan, integritas, dan ketersediaan dituangkan dalam draf.",,,,,
Risk Analyst,J.62KI00.002.2,Melakukan Analisis Risiko Keamanan Informasi,Mengidentifikasi aset informasi,Daftar aset informasi yang masuk dalam ruang lingkup diinventarisasi. Nilai kepentingan aset bagi organisasi ditentukan berdasarkan klasifikasi.,,,,,
Risk Analyst,J.62KI00.002.2,Melakukan Analisis Risiko Keamanan Informasi,Menilai ancaman dan kerentanan,Potensi ancaman terhadap aset informasi diidentifikasi. Kerentanan pada sistem atau proses bisnis dianalisis. Tingkat risiko dihitung berdasarkan kemungkinan dan dampak.,,,,,
Security Engineer,J.62KI00.004.2,Melakukan Evaluasi Keamanan Informasi,Menyiapkan instrumen evaluasi,Parameter evaluasi keamanan informasi ditetapkan sesuai standar. Alat bantu dan metode pengumpulan data evaluasi disiapkan.,,,,,
Security Engineer,J.62KI00.004.2,Melakukan Evaluasi Keamanan Informasi,Melaksanakan audit/evaluasi teknis,Data implementasi kontrol keamanan dikumpulkan. Kesenjangan antara kebijakan dengan praktik di lapangan diidentifikasi.,,,,,
Access Manager,J.62KI00.005.1,Menerapkan Kontrol Akses,Merancang skema otentikasi,Metode otentikasi pengguna diidentifikasi sesuai sensitivitas data. Prosedur manajemen identitas dan kredensial disusun.,,,,,
Access Manager,J.62KI00.005.1,Menerapkan Kontrol Akses,Mengelola hak akses (Authorization),Hak akses diberikan berdasarkan prinsip kewenangan minimum. Akses pengguna ditinjau ulang secara berkala untuk memastikan relevansi.,,,,,
Net-Sec Engineer,J.62KI00.007.2,Mengelola Keamanan Jaringan,Mengonfigurasi perangkat keamanan jaringan,Aturan pada firewall dan sistem pencegahan intrusi ditetapkan. Enkripsi pada jalur komunikasi data dikonfigurasi.,,,,,
Net-Sec Engineer,J.62KI00.007.2,Mengelola Keamanan Jaringan,Memantau lalu lintas jaringan,Aktivitas jaringan dipantau melalui log sistem. Anomali atau indikasi serangan siber pada jaringan dianalisis.,,,,,
Security Auditor,J.62KI00.010.1,Melaksanakan Audit Keamanan Informasi Internal,Merencanakan audit,Ruang lingkup dan kriteria audit ditetapkan. Jadwal pelaksanaan dan tim auditor internal dibentuk.,,,,,
Security Auditor,J.62KI00.010.1,Melaksanakan Audit Keamanan Informasi Internal,Melaporkan hasil audit,Temuan audit diklasifikasikan berdasarkan tingkat temuan. Rekomendasi perbaikan disusun dalam laporan resmi untuk manajemen.,,,,,
Incident Responder,J.62KI00.012.1,Menangani Insiden Keamanan Informasi,Mendeteksi dan menganalisis insiden,Gejala serangan atau kegagalan keamanan diidentifikasi. Tingkat keparahan dan dampak insiden ditentukan secara cepat.,,,,,
Incident Responder,J.62KI00.012.1,Menangani Insiden Keamanan Informasi,Melakukan tindakan pemulihan,Langkah isolasi untuk menghentikan penyebaran serangan dilakukan. Sistem dipulihkan ke kondisi normal dan penyebab utama insiden dianalisis.,,,,,
Awareness Officer,J.62KI00.015.1,Mengelola Kesadaran Keamanan Informasi,Merancang program edukasi,Materi sosialisasi keamanan informasi disiapkan bagi seluruh level karyawan. Metode penyampaian (pelatihan/simulasi) ditentukan.,,,,,
Privacy Officer,J.62KI00.018.1,Menerapkan Proteksi Data Pribadi,Mengidentifikasi pemrosesan data pribadi,Alur data pribadi dalam organisasi dipetakan. Dasar hukum pemrosesan data pribadi diverifikasi sesuai regulasi.,,,,,
Privacy Officer,J.62KI00.018.1,Menerapkan Proteksi Data Pribadi,Menerapkan kontrol privasi,Teknik perlindungan data (seperti enkripsi atau masking) diimplementasikan. Hak pemilik data (subjek data) dipastikan dapat dipenuhi oleh sistem.,,,,,
Pentester,J.62KI00.021.1,Melakukan Pengujian Penetrasi,Melakukan pengumpulan informasi (Reconnaissance),Informasi mengenai target pengujian dikumpulkan secara pasif dan aktif. Celah keamanan yang potensial diidentifikasi untuk tahap eksploitasi.,,,,,
BCP Specialist,J.62KI00.025.1,Menyusun Rencana Kelangsungan Bisnis,Melakukan analisis dampak bisnis (BIA),Proses bisnis kritis yang terpengaruh gangguan TI diidentifikasi. Target waktu pemulihan (RTO dan RPO) ditetapkan.,,,,,
BCP Specialist,J.62KI00.025.1,Menyusun Rencana Kelangsungan Bisnis,Merancang strategi pemulihan,Prosedur cadangan (backup) dan pemulihan data disusun. Rencana pengoperasian sistem pada lokasi alternatif (DRC) didokumentasikan.,,,,,
Security Officer,J.62KI00.022.1,Melakukan Penanganan Kerentanan,Melakukan identifikasi kerentanan,Daftar kerentanan pada sistem diidentifikasi melalui alat pemindai atau referensi CVE. Prioritas penanganan kerentanan ditentukan berdasarkan tingkat risiko.,,,,,
Security Officer,J.62KI00.022.1,Melakukan Penanganan Kerentanan,Melaksanakan remediasi kerentanan,Perbaikan (patching) atau perubahan konfigurasi dilakukan untuk menutup celah. Keberhasilan perbaikan diverifikasi melalui pemindaian ulang.,,,,,
Security Analyst,J.62KI00.023.1,Melakukan Pemantauan Keamanan Informasi,Menyiapkan instrumen pemantauan,Parameter pemantauan keamanan (seperti log dan trafik) ditetapkan. Alat bantu pemantauan (SIEM/Log Management) dikonfigurasi sesuai kebutuhan.,,,,,
Security Analyst,J.62KI00.023.1,Melakukan Pemantauan Keamanan Informasi,Menganalisis hasil pemantauan,Data pemantauan dianalisis untuk mendeteksi adanya upaya serangan. Laporan hasil pemantauan disusun secara berkala untuk manajemen.,,,,,
Forensic Analyst,J.62KI00.024.1,Melakukan Investigasi Insiden Keamanan Informasi,Mengumpulkan bukti digital,Bukti digital dikumpulkan dari sistem yang terdampak dengan menjaga integritas data. Rantai alur bukti (chain of custody) didokumentasikan dengan benar.,,,,,
Forensic Analyst,J.62KI00.024.1,Melakukan Investigasi Insiden Keamanan Informasi,Menganalisis bukti digital,Teknik forensik diterapkan untuk mencari jejak aktivitas penyerang. Hasil analisis digunakan untuk mendukung proses hukum atau perbaikan sistem.,,,,,
Risk Manager,J.62KI00.026.1,Melakukan Mitigasi Risiko Keamanan Informasi,Menentukan strategi mitigasi,"Opsi mitigasi risiko (penerimaan, transfer, atau pengurangan) dipilih. Rencana aksi mitigasi disusun bersama pemilik aset informasi.",,,,,
Compliance Off.,J.62KI00.027.1,Mengelola Kepatuhan Keamanan Informasi,Mengidentifikasi persyaratan kepatuhan,"Standar hukum, regulasi, dan kontrak yang terkait keamanan informasi didaftar. Tingkat kepatuhan organisasi saat ini dinilai terhadap persyaratan tersebut.",,,,,
Compliance Off.,J.62KI00.027.1,Mengelola Kepatuhan Keamanan Informasi,Memantau status kepatuhan,Pemenuhan terhadap regulasi dipantau secara berkelanjutan. Tindakan korektif dilakukan jika ditemukan ketidakpatuhan.,,,,,
Security Eng.,J.62KI00.028.1,Menerapkan Keamanan Perangkat Lunak,Mengintegrasikan keamanan pada SDLC,Persyaratan keamanan didefinisikan sejak tahap desain perangkat lunak. Pengujian keamanan kode (SAST/DAST) dilakukan selama proses pengembangan.,,,,,
Security Eng.,J.62KI00.029.1,Mengelola Keamanan Pihak Ketiga,Menetapkan persyaratan keamanan pihak ketiga,Klausul keamanan informasi dimasukkan ke dalam kontrak kerja sama. Standar akses data bagi mitra eksternal didefinisikan secara jelas.,,,,,
Security Eng.,J.62KI00.029.1,Mengelola Keamanan Pihak Ketiga,Mengevaluasi kinerja pihak ketiga,Audit atau asesmen keamanan dilakukan terhadap sistem pihak ketiga secara rutin. Insiden keamanan yang melibatkan pihak ketiga ditindaklanjuti.,,,,,
Data Protection,J.62KI00.030.1,Mengelola Keamanan Data Besar (Big Data),Menerapkan kontrol keamanan big data,Teknik perlindungan data dalam volume besar diimplementasikan. Akses ke lingkungan pemrosesan data besar dibatasi sesuai otoritas.,,,,,
Cloud Security,J.62KI00.031.1,Mengelola Keamanan Layanan Awan (Cloud Security),Mengonfigurasi keamanan infrastruktur cloud,Pengaturan firewall dan enkripsi pada lingkungan cloud dikerjakan. Kebijakan berbagi tanggung jawab (shared responsibility) dipahami dan dijalankan.,,,,,
,,,,,,,,,
,,,,,,,,,
,,,,,,,,,
,,,,,,,,,
,,,,,,,,,
,,,,,,,,,
,,,,,,,,,
,,,,,,,,,
,,,,,,,,,
,,,,,,,,,
